"Register","InputDigest","Component","Profile","StockPiece","StockMm","Cut","LengthMm","StartMm","EndMm","KerfEndMm","OffcutMm","OffcutClass","ReviewedBy","Reference"
"1","0f54d20e8c4ce800f7b7e3c87e79334be60853ef57c38776e1b0f5fe5b24a08f","TP-RAIL-CUT","QA native rail","1","2400","TP-RAIL-CUT bay 12, rail 1","2289","0","2289","2294","106","scrap","QA estimator - synthetic test","Synthetic level cutting trial only: 2400/4800 stock, 5mm kerf, zero rail joint adjustment; 2400mm posts include declared 600mm embedment. Not supplier/site approval."
"1","0f54d20e8c4ce800f7b7e3c87e79334be60853ef57c38776e1b0f5fe5b24a08f","TP-RAIL-CUT","QA native rail","2","2400","TP-RAIL-CUT bay 12, rail 2","2289","0","2289","2294","106","scrap","QA estimator - synthetic test","Synthetic level cutting trial only: 2400/4800 stock, 5mm kerf, zero rail joint adjustment; 2400mm posts include declared 600mm embedment. Not supplier/site approval."
"1","0f54d20e8c4ce800f7b7e3c87e79334be60853ef57c38776e1b0f5fe5b24a08f","TP-RAIL-CUT","QA native rail","3","2400","TP-RAIL-CUT bay 13, rail 1","2289","0","2289","2294","106","scrap","QA estimator - synthetic test","Synthetic level cutting trial only: 2400/4800 stock, 5mm kerf, zero rail joint adjustment; 2400mm posts include declared 600mm embedment. Not supplier/site approval."
"1","0f54d20e8c4ce800f7b7e3c87e79334be60853ef57c38776e1b0f5fe5b24a08f","TP-RAIL-CUT","QA native rail","4","2400","TP-RAIL-CUT bay 13, rail 2","2289","0","2289","2294","106","scrap","QA estimator - synthetic test","Synthetic level cutting trial only: 2400/4800 stock, 5mm kerf, zero rail joint adjustment; 2400mm posts include declared 600mm embedment. Not supplier/site approval."
"1","0f54d20e8c4ce800f7b7e3c87e79334be60853ef57c38776e1b0f5fe5b24a08f","TP-RAIL-CUT","QA native rail","5","2400","TP-RAIL-CUT bay 14, rail 1","2289","0","2289","2294","106","scrap","QA estimator - synthetic test","Synthetic level cutting trial only: 2400/4800 stock, 5mm kerf, zero rail joint adjustment; 2400mm posts include declared 600mm embedment. Not supplier/site approval."
"1","0f54d20e8c4ce800f7b7e3c87e79334be60853ef57c38776e1b0f5fe5b24a08f","TP-RAIL-CUT","QA native rail","6","2400","TP-RAIL-CUT bay 14, rail 2","2289","0","2289","2294","106","scrap","QA estimator - synthetic test","Synthetic level cutting trial only: 2400/4800 stock, 5mm kerf, zero rail joint adjustment; 2400mm posts include declared 600mm embedment. Not supplier/site approval."
"1","0f54d20e8c4ce800f7b7e3c87e79334be60853ef57c38776e1b0f5fe5b24a08f","TP-RAIL-CUT","QA native rail","7","2400","TP-RAIL-CUT bay 15, rail 1","2289","0","2289","2294","106","scrap","QA estimator - synthetic test","Synthetic level cutting trial only: 2400/4800 stock, 5mm kerf, zero rail joint adjustment; 2400mm posts include declared 600mm embedment. Not supplier/site approval."
"1","0f54d20e8c4ce800f7b7e3c87e79334be60853ef57c38776e1b0f5fe5b24a08f","TP-RAIL-CUT","QA native rail","8","2400","TP-RAIL-CUT bay 15, rail 2","2289","0","2289","2294","106","scrap","QA estimator - synthetic test","Synthetic level cutting trial only: 2400/4800 stock, 5mm kerf, zero rail joint adjustment; 2400mm posts include declared 600mm embedment. Not supplier/site approval."
"1","0f54d20e8c4ce800f7b7e3c87e79334be60853ef57c38776e1b0f5fe5b24a08f","TP-RAIL-CUT","QA native rail","9","2400","TP-RAIL-CUT bay 16, rail 1","2289","0","2289","2294","106","scrap","QA estimator - synthetic test","Synthetic level cutting trial only: 2400/4800 stock, 5mm kerf, zero rail joint adjustment; 2400mm posts include declared 600mm embedment. Not supplier/site approval."
"1","0f54d20e8c4ce800f7b7e3c87e79334be60853ef57c38776e1b0f5fe5b24a08f","TP-RAIL-CUT","QA native rail","10","2400","TP-RAIL-CUT bay 16, rail 2","2289","0","2289","2294","106","scrap","QA estimator - synthetic test","Synthetic level cutting trial only: 2400/4800 stock, 5mm kerf, zero rail joint adjustment; 2400mm posts include declared 600mm embedment. Not supplier/site approval."
"1","0f54d20e8c4ce800f7b7e3c87e79334be60853ef57c38776e1b0f5fe5b24a08f","TP-RAIL-CUT","QA native rail","11","2400","TP-RAIL-CUT bay 17, rail 1","2289","0","2289","2294","106","scrap","QA estimator - synthetic test","Synthetic level cutting trial only: 2400/4800 stock, 5mm kerf, zero rail joint adjustment; 2400mm posts include declared 600mm embedment. Not supplier/site approval."
"1","0f54d20e8c4ce800f7b7e3c87e79334be60853ef57c38776e1b0f5fe5b24a08f","TP-RAIL-CUT","QA native rail","12","2400","TP-RAIL-CUT bay 17, rail 2","2289","0","2289","2294","106","scrap","QA estimator - synthetic test","Synthetic level cutting trial only: 2400/4800 stock, 5mm kerf, zero rail joint adjustment; 2400mm posts include declared 600mm embedment. Not supplier/site approval."
"1","0f54d20e8c4ce800f7b7e3c87e79334be60853ef57c38776e1b0f5fe5b24a08f","TP-RAIL-CUT","QA native rail","13","2400","TP-RAIL-CUT bay 18, rail 1","2289","0","2289","2294","106","scrap","QA estimator - synthetic test","Synthetic level cutting trial only: 2400/4800 stock, 5mm kerf, zero rail joint adjustment; 2400mm posts include declared 600mm embedment. Not supplier/site approval."
"1","0f54d20e8c4ce800f7b7e3c87e79334be60853ef57c38776e1b0f5fe5b24a08f","TP-RAIL-CUT","QA native rail","14","2400","TP-RAIL-CUT bay 18, rail 2","2289","0","2289","2294","106","scrap","QA estimator - synthetic test","Synthetic level cutting trial only: 2400/4800 stock, 5mm kerf, zero rail joint adjustment; 2400mm posts include declared 600mm embedment. Not supplier/site approval."
"1","0f54d20e8c4ce800f7b7e3c87e79334be60853ef57c38776e1b0f5fe5b24a08f","TP-RAIL-CUT","QA native rail","15","2400","TP-RAIL-CUT bay 19, rail 1","2288","0","2288","2293","107","scrap","QA estimator - synthetic test","Synthetic level cutting trial only: 2400/4800 stock, 5mm kerf, zero rail joint adjustment; 2400mm posts include declared 600mm embedment. Not supplier/site approval."
"1","0f54d20e8c4ce800f7b7e3c87e79334be60853ef57c38776e1b0f5fe5b24a08f","TP-RAIL-CUT","QA native rail","16","2400","TP-RAIL-CUT bay 19, rail 2","2288","0","2288","2293","107","scrap","QA estimator - synthetic test","Synthetic level cutting trial only: 2400/4800 stock, 5mm kerf, zero rail joint adjustment; 2400mm posts include declared 600mm embedment. Not supplier/site approval."
"1","0f54d20e8c4ce800f7b7e3c87e79334be60853ef57c38776e1b0f5fe5b24a08f","TP-RAIL-CUT","QA native rail","17","2400","TP-RAIL-CUT bay 20, rail 1","2288","0","2288","2293","107","scrap","QA estimator - synthetic test","Synthetic level cutting trial only: 2400/4800 stock, 5mm kerf, zero rail joint adjustment; 2400mm posts include declared 600mm embedment. Not supplier/site approval."
"1","0f54d20e8c4ce800f7b7e3c87e79334be60853ef57c38776e1b0f5fe5b24a08f","TP-RAIL-CUT","QA native rail","18","2400","TP-RAIL-CUT bay 20, rail 2","2288","0","2288","2293","107","scrap","QA estimator - synthetic test","Synthetic level cutting trial only: 2400/4800 stock, 5mm kerf, zero rail joint adjustment; 2400mm posts include declared 600mm embedment. Not supplier/site approval."
"1","0f54d20e8c4ce800f7b7e3c87e79334be60853ef57c38776e1b0f5fe5b24a08f","TP-RAIL-CUT","QA native rail","19","2400","TP-RAIL-CUT bay 21, rail 1","2288","0","2288","2293","107","scrap","QA estimator - synthetic test","Synthetic level cutting trial only: 2400/4800 stock, 5mm kerf, zero rail joint adjustment; 2400mm posts include declared 600mm embedment. Not supplier/site approval."
"1","0f54d20e8c4ce800f7b7e3c87e79334be60853ef57c38776e1b0f5fe5b24a08f","TP-RAIL-CUT","QA native rail","20","2400","TP-RAIL-CUT bay 21, rail 2","2288","0","2288","2293","107","scrap","QA estimator - synthetic test","Synthetic level cutting trial only: 2400/4800 stock, 5mm kerf, zero rail joint adjustment; 2400mm posts include declared 600mm embedment. Not supplier/site approval."
"1","0f54d20e8c4ce800f7b7e3c87e79334be60853ef57c38776e1b0f5fe5b24a08f","TP-RAIL-CUT","QA native rail","21","2400","TP-RAIL-CUT bay 22, rail 1","2288","0","2288","2293","107","scrap","QA estimator - synthetic test","Synthetic level cutting trial only: 2400/4800 stock, 5mm kerf, zero rail joint adjustment; 2400mm posts include declared 600mm embedment. Not supplier/site approval."
"1","0f54d20e8c4ce800f7b7e3c87e79334be60853ef57c38776e1b0f5fe5b24a08f","TP-RAIL-CUT","QA native rail","22","2400","TP-RAIL-CUT bay 22, rail 2","2288","0","2288","2293","107","scrap","QA estimator - synthetic test","Synthetic level cutting trial only: 2400/4800 stock, 5mm kerf, zero rail joint adjustment; 2400mm posts include declared 600mm embedment. Not supplier/site approval."
"1","0f54d20e8c4ce800f7b7e3c87e79334be60853ef57c38776e1b0f5fe5b24a08f","TP-RAIL-CUT","QA native rail","23","2400","TP-RAIL-CUT bay 1, rail 1","2220","0","2220","2225","175","scrap","QA estimator - synthetic test","Synthetic level cutting trial only: 2400/4800 stock, 5mm kerf, zero rail joint adjustment; 2400mm posts include declared 600mm embedment. Not supplier/site approval."
"1","0f54d20e8c4ce800f7b7e3c87e79334be60853ef57c38776e1b0f5fe5b24a08f","TP-RAIL-CUT","QA native rail","24","2400","TP-RAIL-CUT bay 1, rail 2","2220","0","2220","2225","175","scrap","QA estimator - synthetic test","Synthetic level cutting trial only: 2400/4800 stock, 5mm kerf, zero rail joint adjustment; 2400mm posts include declared 600mm embedment. Not supplier/site approval."
"1","0f54d20e8c4ce800f7b7e3c87e79334be60853ef57c38776e1b0f5fe5b24a08f","TP-RAIL-CUT","QA native rail","25","2400","TP-RAIL-CUT bay 2, rail 1","2220","0","2220","2225","175","scrap","QA estimator - synthetic test","Synthetic level cutting trial only: 2400/4800 stock, 5mm kerf, zero rail joint adjustment; 2400mm posts include declared 600mm embedment. Not supplier/site approval."
"1","0f54d20e8c4ce800f7b7e3c87e79334be60853ef57c38776e1b0f5fe5b24a08f","TP-RAIL-CUT","QA native rail","26","2400","TP-RAIL-CUT bay 2, rail 2","2220","0","2220","2225","175","scrap","QA estimator - synthetic test","Synthetic level cutting trial only: 2400/4800 stock, 5mm kerf, zero rail joint adjustment; 2400mm posts include declared 600mm embedment. Not supplier/site approval."
"1","0f54d20e8c4ce800f7b7e3c87e79334be60853ef57c38776e1b0f5fe5b24a08f","TP-RAIL-CUT","QA native rail","27","2400","TP-RAIL-CUT bay 3, rail 1","2220","0","2220","2225","175","scrap","QA estimator - synthetic test","Synthetic level cutting trial only: 2400/4800 stock, 5mm kerf, zero rail joint adjustment; 2400mm posts include declared 600mm embedment. Not supplier/site approval."
"1","0f54d20e8c4ce800f7b7e3c87e79334be60853ef57c38776e1b0f5fe5b24a08f","TP-RAIL-CUT","QA native rail","28","2400","TP-RAIL-CUT bay 3, rail 2","2220","0","2220","2225","175","scrap","QA estimator - synthetic test","Synthetic level cutting trial only: 2400/4800 stock, 5mm kerf, zero rail joint adjustment; 2400mm posts include declared 600mm embedment. Not supplier/site approval."
"1","0f54d20e8c4ce800f7b7e3c87e79334be60853ef57c38776e1b0f5fe5b24a08f","TP-RAIL-CUT","QA native rail","29","2400","TP-RAIL-CUT bay 4, rail 1","2220","0","2220","2225","175","scrap","QA estimator - synthetic test","Synthetic level cutting trial only: 2400/4800 stock, 5mm kerf, zero rail joint adjustment; 2400mm posts include declared 600mm embedment. Not supplier/site approval."
"1","0f54d20e8c4ce800f7b7e3c87e79334be60853ef57c38776e1b0f5fe5b24a08f","TP-RAIL-CUT","QA native rail","30","2400","TP-RAIL-CUT bay 4, rail 2","2220","0","2220","2225","175","scrap","QA estimator - synthetic test","Synthetic level cutting trial only: 2400/4800 stock, 5mm kerf, zero rail joint adjustment; 2400mm posts include declared 600mm embedment. Not supplier/site approval."
"1","0f54d20e8c4ce800f7b7e3c87e79334be60853ef57c38776e1b0f5fe5b24a08f","TP-RAIL-CUT","QA native rail","31","2400","TP-RAIL-CUT bay 5, rail 1","2219","0","2219","2224","176","scrap","QA estimator - synthetic test","Synthetic level cutting trial only: 2400/4800 stock, 5mm kerf, zero rail joint adjustment; 2400mm posts include declared 600mm embedment. Not supplier/site approval."
"1","0f54d20e8c4ce800f7b7e3c87e79334be60853ef57c38776e1b0f5fe5b24a08f","TP-RAIL-CUT","QA native rail","32","2400","TP-RAIL-CUT bay 5, rail 2","2219","0","2219","2224","176","scrap","QA estimator - synthetic test","Synthetic level cutting trial only: 2400/4800 stock, 5mm kerf, zero rail joint adjustment; 2400mm posts include declared 600mm embedment. Not supplier/site approval."
"1","0f54d20e8c4ce800f7b7e3c87e79334be60853ef57c38776e1b0f5fe5b24a08f","TP-RAIL-CUT","QA native rail","33","2400","TP-RAIL-CUT bay 6, rail 1","2219","0","2219","2224","176","scrap","QA estimator - synthetic test","Synthetic level cutting trial only: 2400/4800 stock, 5mm kerf, zero rail joint adjustment; 2400mm posts include declared 600mm embedment. Not supplier/site approval."
"1","0f54d20e8c4ce800f7b7e3c87e79334be60853ef57c38776e1b0f5fe5b24a08f","TP-RAIL-CUT","QA native rail","34","2400","TP-RAIL-CUT bay 6, rail 2","2219","0","2219","2224","176","scrap","QA estimator - synthetic test","Synthetic level cutting trial only: 2400/4800 stock, 5mm kerf, zero rail joint adjustment; 2400mm posts include declared 600mm embedment. Not supplier/site approval."
"1","0f54d20e8c4ce800f7b7e3c87e79334be60853ef57c38776e1b0f5fe5b24a08f","TP-RAIL-CUT","QA native rail","35","2400","TP-RAIL-CUT bay 7, rail 1","2219","0","2219","2224","176","scrap","QA estimator - synthetic test","Synthetic level cutting trial only: 2400/4800 stock, 5mm kerf, zero rail joint adjustment; 2400mm posts include declared 600mm embedment. Not supplier/site approval."
"1","0f54d20e8c4ce800f7b7e3c87e79334be60853ef57c38776e1b0f5fe5b24a08f","TP-RAIL-CUT","QA native rail","36","2400","TP-RAIL-CUT bay 7, rail 2","2219","0","2219","2224","176","scrap","QA estimator - synthetic test","Synthetic level cutting trial only: 2400/4800 stock, 5mm kerf, zero rail joint adjustment; 2400mm posts include declared 600mm embedment. Not supplier/site approval."
"1","0f54d20e8c4ce800f7b7e3c87e79334be60853ef57c38776e1b0f5fe5b24a08f","TP-RAIL-CUT","QA native rail","37","2400","TP-RAIL-CUT bay 8, rail 1","2219","0","2219","2224","176","scrap","QA estimator - synthetic test","Synthetic level cutting trial only: 2400/4800 stock, 5mm kerf, zero rail joint adjustment; 2400mm posts include declared 600mm embedment. Not supplier/site approval."
"1","0f54d20e8c4ce800f7b7e3c87e79334be60853ef57c38776e1b0f5fe5b24a08f","TP-RAIL-CUT","QA native rail","38","2400","TP-RAIL-CUT bay 8, rail 2","2219","0","2219","2224","176","scrap","QA estimator - synthetic test","Synthetic level cutting trial only: 2400/4800 stock, 5mm kerf, zero rail joint adjustment; 2400mm posts include declared 600mm embedment. Not supplier/site approval."
"1","0f54d20e8c4ce800f7b7e3c87e79334be60853ef57c38776e1b0f5fe5b24a08f","TP-RAIL-CUT","QA native rail","39","2400","TP-RAIL-CUT bay 9, rail 1","2219","0","2219","2224","176","scrap","QA estimator - synthetic test","Synthetic level cutting trial only: 2400/4800 stock, 5mm kerf, zero rail joint adjustment; 2400mm posts include declared 600mm embedment. Not supplier/site approval."
"1","0f54d20e8c4ce800f7b7e3c87e79334be60853ef57c38776e1b0f5fe5b24a08f","TP-RAIL-CUT","QA native rail","40","2400","TP-RAIL-CUT bay 9, rail 2","2219","0","2219","2224","176","scrap","QA estimator - synthetic test","Synthetic level cutting trial only: 2400/4800 stock, 5mm kerf, zero rail joint adjustment; 2400mm posts include declared 600mm embedment. Not supplier/site approval."
"1","0f54d20e8c4ce800f7b7e3c87e79334be60853ef57c38776e1b0f5fe5b24a08f","TP-RAIL-CUT","QA native rail","41","2400","TP-RAIL-CUT bay 10, rail 1","2219","0","2219","2224","176","scrap","QA estimator - synthetic test","Synthetic level cutting trial only: 2400/4800 stock, 5mm kerf, zero rail joint adjustment; 2400mm posts include declared 600mm embedment. Not supplier/site approval."
"1","0f54d20e8c4ce800f7b7e3c87e79334be60853ef57c38776e1b0f5fe5b24a08f","TP-RAIL-CUT","QA native rail","42","2400","TP-RAIL-CUT bay 10, rail 2","2219","0","2219","2224","176","scrap","QA estimator - synthetic test","Synthetic level cutting trial only: 2400/4800 stock, 5mm kerf, zero rail joint adjustment; 2400mm posts include declared 600mm embedment. Not supplier/site approval."
"1","0f54d20e8c4ce800f7b7e3c87e79334be60853ef57c38776e1b0f5fe5b24a08f","TP-RAIL-CUT","QA native rail","43","2400","TP-RAIL-CUT bay 11, rail 1","2219","0","2219","2224","176","scrap","QA estimator - synthetic test","Synthetic level cutting trial only: 2400/4800 stock, 5mm kerf, zero rail joint adjustment; 2400mm posts include declared 600mm embedment. Not supplier/site approval."
"1","0f54d20e8c4ce800f7b7e3c87e79334be60853ef57c38776e1b0f5fe5b24a08f","TP-RAIL-CUT","QA native rail","44","2400","TP-RAIL-CUT bay 11, rail 2","2219","0","2219","2224","176","scrap","QA estimator - synthetic test","Synthetic level cutting trial only: 2400/4800 stock, 5mm kerf, zero rail joint adjustment; 2400mm posts include declared 600mm embedment. Not supplier/site approval."
"1","0f54d20e8c4ce800f7b7e3c87e79334be60853ef57c38776e1b0f5fe5b24a08f","TP-POST-END","QA native end post","1","2400","TP-POST-END 1","2400","0","2400","2400","0","scrap","QA estimator - synthetic test","Synthetic level cutting trial only: 2400/4800 stock, 5mm kerf, zero rail joint adjustment; 2400mm posts include declared 600mm embedment. Not supplier/site approval."
"1","0f54d20e8c4ce800f7b7e3c87e79334be60853ef57c38776e1b0f5fe5b24a08f","TP-POST-END","QA native end post","2","2400","TP-POST-END 2","2400","0","2400","2400","0","scrap","QA estimator - synthetic test","Synthetic level cutting trial only: 2400/4800 stock, 5mm kerf, zero rail joint adjustment; 2400mm posts include declared 600mm embedment. Not supplier/site approval."
