"HVAC draft - unverified; not a commissioning certificate","4d70ee7b197ccea63de1e2da223ba7fe1a1891e4db61a67a086e503ea4f605a9"
"Reference","SAMPLE - replace with your drawing reference"
"Evidence","sample"
"Node","Zone","Kind","Equipment tag","Design L/s","Minimum L/s (-10%)","Maximum L/s (+10%)","Measured L/s","Status"
"AHU-1","Plant","equipment","AHU-1","900","810","990.0000000000001","unknown","not-tested"
"GR-1","West","diffuser","GR-1","450","405","495.00000000000006","unknown","not-tested"

"Run","Velocity m/s","Check","Entered pressure allowance Pa"
"S-1","7.500000000000001","review-noise","unknown"
"S-2","11.249999999999998","review-noise","3.5999999999999996"

"Network issue","Target","Message"
"beam","S-1","Potential clash with beam B-1; check the conservative envelope."
"plenum","S-1","Insulated duct height exceeds the entered ceiling void."
"transition","J-1","Different duct dimensions meet without an explicit reducer."

"Network inputs (metres; flow L/s)","{""beams"":[{""id"":""B-1"",""max"":[2,3.1,0.5],""min"":[1.5,2.65,-0.5]}],""edges"":[{""airflowLs"":900,""availablePlenumM"":0.32,""from"":""AHU-1"",""heightM"":0.3,""id"":""S-1"",""insulationM"":0.025,""pressureAllowancePaPerM"":null,""shape"":""rectangular"",""to"":""J-1"",""widthM"":0.4},{""airflowLs"":450,""availablePlenumM"":0.4,""from"":""J-1"",""heightM"":0.2,""id"":""S-2"",""insulationM"":0.025,""pressureAllowancePaPerM"":1.2,""shape"":""rectangular"",""to"":""GR-1"",""widthM"":0.2}],""evidence"":""sample"",""nodes"":[{""designAirflowLs"":900,""equipmentTag"":""AHU-1"",""id"":""AHU-1"",""kind"":""equipment"",""x"":0,""y"":2.8,""z"":0,""zone"":""Plant""},{""designAirflowLs"":null,""equipmentTag"":"""",""id"":""J-1"",""kind"":""junction"",""x"":4,""y"":2.8,""z"":0,""zone"":""East""},{""designAirflowLs"":450,""equipmentTag"":""GR-1"",""id"":""GR-1"",""kind"":""diffuser"",""x"":4,""y"":2.8,""z"":3,""zone"":""West""}],""occupancy"":""residential"",""reference"":""SAMPLE - replace with your drawing reference""}"
"Delivery metadata","{""contentSha256"":""4d70ee7b197ccea63de1e2da223ba7fe1a1891e4db61a67a086e503ea4f605a9"",""createdAt"":""2026-09-20T10:44:02.369Z"",""format"":""xray.delivery-record/v1"",""id"":""hvac-4d70ee7b197ccea6"",""kind"":""hvac-commissioning"",""projectId"":""job-sc09-room-roof"",""revision"":1,""sourceBinding"":null,""state"":""draft-export"",""status"":""active""}"