"ID","Industry/profile","Roles","Scenario","Inputs","Required outputs","Categories","State"
"IND-01","Residential architecture","Architect / building designer","Develop an alteration with existing/new/demolished work","Survey and client brief","Coordinated plans, sections, schedules and issue set","A, B, D, E, I, J, Q, U, V, Z, C, R, T, W","not-tested"
"IND-02","Commercial architecture","Architect / design manager","Coordinate a multi-tenant commercial fit-out","Base build, tenancy requirements and consultant models","Coordinated design, room data and consultant issues","A, B, D, E, I, J, Q, U, V, Z, C, H, N, R, W","not-tested"
"IND-03","High-rise and mixed-use","Architect / BIM lead","Coordinate repeated floors, cores and facade variants","Tower models and level schedule","Level-aware quantities, coordinated core and issue packages","A, B, D, E, I, J, Q, U, V, Z, C, H, N, R, S","not-tested"
"IND-04","Drafting and documentation services","Draftsperson / CAD technician","Turn approved markups into a revised drawing set","Redlines, CAD standards and prior issue","Dimensioned drawings, checked references and change register","A, B, D, E, I, J, Q, U, V, Z, C, K, R","not-tested"
"IND-05","BIM coordination and digital engineering","BIM coordinator / information manager","Federate consultants and resolve clashes","IFC models, origins and information requirements","BCF issues, checked properties and coordinated federation","A, B, D, E, I, J, Q, U, V, Z, C, R, X","not-tested"
"IND-06","Interior design and fit-out","Interior designer / fit-out contractor","Specify finishes, joinery and furniture for a tenancy","Room brief and measured existing shell","Finish schedules, reflected ceiling plans and procurement list","A, B, D, E, I, J, Q, U, V, Z, C, H, K, M, N, R","not-tested"
"IND-07","Heritage and conservation","Conservation architect / heritage consultant","Document repairs while retaining existing fabric","Historic records, scans and condition survey","Fabric map, repair schedule and intervention record","A, B, D, E, I, J, Q, U, V, Z, G, K, R, W","not-tested"
"IND-08","Urban design and planning","Urban designer / planner","Compare precinct massing and public-realm options","GIS constraints, terrain and planning brief","Option study, area schedule and consultation package","A, B, D, E, I, J, Q, U, V, Z, G, L, R, W","not-tested"
"IND-09","Landscape architecture","Landscape architect","Design planting and hardscape around a building","Survey, planting brief and drainage plan","Planting schedule, grading and maintenance package","A, B, D, E, I, J, Q, U, V, Z, G, L, T, W","not-tested"
"IND-10","Arboriculture and ecology","Arborist / ecologist","Review tree protection and habitat impacts","Tree survey, habitat mapping and site design","Protection zones, impact register and mitigation plan","A, B, D, E, I, J, Q, U, V, Z, G, L, W","not-tested"
"IND-11","Surveying and cadastral work","Surveyor","Adjust survey observations and issue site control","GNSS/total-station observations and control","Checked coordinates, closure report and survey plan","A, B, D, E, I, J, Q, U, V, Z, C, G, Y","not-tested"
"IND-12","Reality capture and scan-to-BIM","Survey technician / modeler","Record a complex existing building and review derived geometry","Point clouds, photos and control targets","Registered cloud, residual report and source-linked model","A, B, D, E, I, J, Q, U, V, Z, G, R, T","not-tested"
"IND-13","Civil and land development","Civil engineer","Design a serviced subdivision","Terrain, boundaries and utility records","Grading, roads, services, quantities and civil sheets","A, B, D, E, I, J, Q, U, V, Z, G, L, S, Y","not-tested"
"IND-14","Earthworks and excavation","Earthworks estimator / contractor","Price and stage a cut/fill operation","Existing/proposed surfaces and ground investigation","Volume reconciliation, haul assumptions and work packages","A, B, D, E, I, J, Q, U, V, Z, F, G, L, T, Y","not-tested"
"IND-15","Roads and highways","Road designer / transport engineer","Revise a corridor and intersection","Alignment criteria, survey and drainage","Plans, profiles, cross-sections and quantities","A, B, D, E, I, J, Q, U, V, Z, G, H, S, Y","not-tested"
"IND-16","Rail and transit","Rail engineer / station designer","Coordinate track, platform and station services","Rail alignment, envelope and station requirements","Chainage drawings, clearances and systems coordination","A, B, D, E, I, J, Q, U, V, Z, G, H, N, S, Y","not-tested"
"IND-17","Airports and aviation infrastructure","Airfield engineer / terminal designer","Coordinate apron or terminal works","Airside survey, operations constraints and services","Pavement/service layouts and phased issue package","A, B, D, E, I, J, Q, U, V, Z, F, G, H, N, Y","not-tested"
"IND-18","Ports, coastal and marine infrastructure","Marine/civil engineer","Plan a wharf retrofit with operating constraints","Bathymetry, structural survey and asset records","Coordinated marine works and inspected asset handover","A, B, D, E, I, J, Q, U, V, Z, G, H, S, Y","not-tested"
"IND-19","Traffic and transport planning","Transport planner","Check access and circulation around a site","Site plan, vehicle assumptions and movement demand","Swept paths, access option study and assumptions report","A, B, D, E, I, J, Q, U, V, Z, G, L, Y","not-tested"
"IND-20","Stormwater, drainage and flood studies","Hydrologist / drainage engineer","Test a drainage upgrade under defined rainfall scenarios","Catchments, rainfall data, pipes and levels","Hydraulic results, flood extents and design report","A, B, D, E, I, J, Q, U, V, Z, G, H, W, Y","not-tested"
"IND-21","Water and wastewater utilities","Water engineer / asset operator","Upgrade a pressure or wastewater network","Asset GIS, demand and operating data","Checked network scenario and construction/operations package","A, B, D, E, I, J, Q, U, V, Z, G, H, O, Y","not-tested"
"IND-22","Geotechnical and ground engineering","Geotechnical engineer","Assess excavation beside an existing structure","Boreholes, soil tests and groundwater","Staged analysis, displacement results and reviewed report","A, B, D, E, I, J, Q, U, V, Z, G, S, Y","not-tested"
"IND-23","Structural steel buildings","Structural engineer / steel detailer","Design and detail a braced industrial building","Architectural geometry and design actions","Checked model, connection package and fabrication drawings","A, B, D, E, I, J, Q, U, V, Z, M, S, T","not-tested"
"IND-24","Concrete and precast construction","Structural engineer / precast detailer","Coordinate reinforcement, embeds and erection","Structural model, member design and supplier constraints","Bar schedules, cast units and installation package","A, B, D, E, I, J, Q, U, V, Z, F, M, S, T","not-tested"
"IND-25","Timber and mass-timber construction","Timber engineer / fabricator","Coordinate panel joints and erection","Architectural model and material/connection data","Checked panels, cut lists and assembly instructions","A, B, D, E, I, J, Q, U, V, Z, M, S, T, W","not-tested"
"IND-26","Masonry and retaining walls","Engineer / masonry contractor","Design and quantify stepped retaining work","Survey, loads and ground properties","Checked wall details, block schedule and drainage links","A, B, D, E, I, J, Q, U, V, Z, H, L, S, T","not-tested"
"IND-27","Bridges and specialist structures","Bridge engineer","Review staged construction of a bridge component","Survey, design loads and construction stages","Verified analysis, detailing and inspection package","A, B, D, E, I, J, Q, U, V, Z, F, G, S, Y","not-tested"
"IND-28","Facade, glazing and envelope","Facade engineer / glazing contractor","Coordinate curtainwall modules and weatherproof junctions","Facade geometry, performance brief and supplier data","Panel schedule, junction details and reviewed performance","A, B, D, E, I, J, Q, U, V, Z, M, R, S, T, W","not-tested"
"IND-29","Roofing and cladding","Roofing estimator / installer","Measure a roof with hips, valleys and penetrations","Roof plan, sections and product dimensions","Net/stock quantities, flashing schedule and fixing details","A, B, D, E, I, J, Q, U, V, Z, C, M, R, T","not-tested"
"IND-30","HVAC and refrigeration","Mechanical services engineer / contractor","Route and size a multi-zone services installation","Room loads, architectural model and equipment data","Coordinated duct/pipe network and commissioning schedule","A, B, D, E, I, J, Q, U, V, Z, H, N, O, W","not-tested"
"IND-31","Plumbing and gas services","Hydraulic designer / plumber","Coordinate supply, waste and gas in a renovation","Fixture brief, existing services and survey","Risers, layouts, checked calculations and test records","A, B, D, E, I, J, Q, U, V, Z, H, O, T","not-tested"
"IND-32","Fire protection and life safety","Fire services engineer / specialist","Review fire-system layout and design assumptions","Building occupancy, services geometry and fire strategy","Reviewed system package and inspection/commissioning evidence","A, B, D, E, I, J, Q, U, V, Z, H, N, W","not-tested"
"IND-33","Electrical building services","Electrical engineer / contractor","Coordinate lighting, power and distribution","Load brief, building model and device data","Circuit schedule, routes and checked calculations","A, B, D, E, I, J, Q, U, V, Z, H, N, O, T","not-tested"
"IND-34","Controls and instrumentation","Controls engineer / systems integrator","Revise an industrial control loop","P&IDs, device data and control philosophy","Updated I/O, loop drawings, wire lists and test records","A, B, D, E, I, J, Q, U, V, Z, M, N, O, Y","not-tested"
"IND-35","ICT, security and audiovisual","ICT/AV designer / installer","Coordinate cabling, equipment and coverage","Space brief, rack layouts and device requirements","Port/device schedules, pathways and test handover","A, B, D, E, I, J, Q, U, V, Z, N, O, T","not-tested"
"IND-36","Renewables, batteries and EV infrastructure","Energy engineer / installer","Design a distributed energy installation","Site, demand, equipment and connection requirements","Reviewed layout, electrical package and asset handover","A, B, D, E, I, J, Q, U, V, Z, G, N, O, W, Y","not-tested"
"IND-37","Energy, daylight and sustainability consulting","Building performance consultant","Compare envelope and systems alternatives","Thermal model, weather and occupancy assumptions","Checked simulations, carbon/cost comparison and recommendations","A, B, D, E, I, J, Q, U, V, Z, H, L, N, W","not-tested"
"IND-38","Quantity surveying and cost consultancy","Quantity surveyor","Issue a measured cost plan with alternate options","Drawings, specifications and current rate books","Auditable estimate, assumptions and revision comparison","A, B, D, E, I, J, Q, U, V, Z, P, T, W","not-tested"
"IND-39","Builders and general contractors","Project manager / builder","Take a tender through procurement and site delivery","Issued drawings, tender scope and programme","Reviewed estimate, work packages, RFIs and closeout","A, B, D, E, I, J, Q, U, V, Z, F, P, T","not-tested"
"IND-40","Specialty subcontractors","Trade estimator / supervisor","Price, order and install an assigned package","Trade scope, drawings and supplier quotations","Trade takeoff, approved order and progress evidence","A, B, D, E, I, J, Q, U, V, Z, F, P, T","not-tested"
"IND-41","Joinery, kitchens and furniture","Cabinet designer / manufacturer","Design a fitted assembly and prepare manufacture","Measured room, finishes and hardware catalogue","Panel cuts, edging, hardware BOM and installation drawings","A, B, D, E, I, J, Q, U, V, Z, C, M, P, T","not-tested"
"IND-42","Metal fabrication, welding and sheet metal","Fabricator / workshop manager","Produce and inspect a custom metal assembly","Part/assembly model and material specifications","Cut/nest package, weld map and inspection traceability","A, B, D, E, I, J, Q, U, V, Z, M, P, S, T","not-tested"
"IND-43","Fencing, gates and balustrades","Estimator / installer","Measure runs, gates and corner connections","Site plan, boundary measurements and product system","Source-linked takeoff, stock list and installation record","A, B, D, E, I, J, Q, U, V, Z, C, F, L, M, T","not-tested"
"IND-44","Flooring, tiling, painting and finishes","Finishes estimator / contractor","Price net areas with openings, waste and patterns","Room dimensions, finish schedule and product packs","Reconciled net/purchase quantities and supplier order","A, B, D, E, I, J, Q, U, V, Z, F, L, P, T","not-tested"
"IND-45","Demolition, remediation and hazardous materials","Demolition planner / specialist","Stage removal while preserving retained assets","Survey, contamination reports and service isolation plan","Removal package, waste traceability and clearance evidence","A, B, D, E, I, J, Q, U, V, Z, F, G, O, W, Y","not-tested"
"IND-46","Modular and prefabricated construction","DFMA designer / factory coordinator","Release modules through fabrication and installation","Module configuration, interfaces and logistics limits","Revisioned BOM, manufacturing package and site acceptance","A, B, D, E, I, J, Q, U, V, Z, F, M, P, S, Y","not-tested"
"IND-47","Manufacturing and industrial machinery","Mechanical designer / production engineer","Release a machine assembly to production","Part requirements, supplier components and design model","Checked assembly, manufacturing drawings and released BOM","A, B, D, E, I, J, Q, U, V, Z, M, N, P","not-tested"
"IND-48","Automotive, aerospace and rail products","Mechanical engineer / quality engineer","Control a precision component design change","Part model, tolerance requirements and change request","Configuration-bound manufacturing and inspection package","A, B, D, E, I, J, Q, U, V, Z, M, N, X","not-tested"
"IND-49","Medical devices and precision instruments","Product engineer / quality manager","Trace a component requirement through design and inspection","Requirements, CAD and verification protocol","Controlled design history and inspection evidence","A, B, D, E, I, J, Q, U, V, Z, M, X","not-tested"
"IND-50","Industrial plant, process and chemical facilities","Process/plant engineer","Coordinate a brownfield pipe/equipment modification","P&IDs, point cloud, line list and design conditions","Consistent tags, isometrics and commissioning package","A, B, D, E, I, J, Q, U, V, Z, G, H, N, O, Y","not-tested"
"IND-51","Mining, quarrying and materials handling","Mine surveyor / asset engineer","Measure stock and coordinate processing infrastructure","Survey surfaces, equipment layouts and asset records","Reconciled quantities and controlled plant change package","A, B, D, E, I, J, Q, U, V, Z, G, M, O, T, Y","not-tested"
"IND-52","Power generation and transmission","Electrical/civil engineer","Coordinate a substation or transmission upgrade","Network requirements, survey and equipment data","Reviewed routes, electrical/structural package and asset records","A, B, D, E, I, J, Q, U, V, Z, G, N, O, S, Y","not-tested"
"IND-53","Oil, gas and pipelines","Pipeline engineer / integrity manager","Review a pipeline route and integrity works","Terrain, alignment, operating conditions and inspection data","Route sheets, reviewed stress scope and maintenance record","A, B, D, E, I, J, Q, U, V, Z, G, H, N, O, Y","not-tested"
"IND-54","Telecommunications infrastructure","Network planner / rollout manager","Plan fibre routes and equipment deployment","GIS, duct/pole records and connection demand","Route/cable schedules, splice plan and field acceptance","A, B, D, E, I, J, Q, U, V, Z, F, G, N, O, Y","not-tested"
"IND-55","Agriculture and rural infrastructure","Rural designer / contractor","Plan sheds, fences, access and irrigation","Property survey, stock requirements and water data","Site layout, quantities and maintenance records","A, B, D, E, I, J, Q, U, V, Z, G, H, L, O, T, Y","not-tested"
"IND-56","Events, theatre and exhibition","Production designer / rigging specialist","Coordinate a temporary stage, lighting and flown equipment","Venue geometry, rigging inventory and production brief","Layout, load-review package and installation checklist","A, B, D, E, I, J, Q, U, V, Z, F, M, N, R, S, Y","not-tested"
"IND-57","Facilities and property management","Facility manager / building operator","Receive a building and schedule ongoing maintenance","As-built package, asset register and warranties","Searchable asset history, work orders and renewal plan","A, B, D, E, I, J, Q, U, V, Z, H, N, O, W","not-tested"
"IND-58","Public-sector infrastructure owners","Asset manager / public works officer","Prioritize renewal across roads, buildings and utilities","Condition surveys, GIS and budget constraints","Traceable capital programme and asset handover standards","A, B, D, E, I, J, Q, U, V, Z, G, O, W, Y","not-tested"
"IND-59","Developers, owners and project controls","Development manager / owner's representative","Compare options and track budget through handover","Brief, design options, programme and cost plans","Decision register, approved baseline and closeout package","A, B, D, E, I, J, Q, U, V, Z, F, O, P, R, W","not-tested"
"IND-60","Building certification and inspection","Building surveyor / inspector","Review a submitted design against selected requirements","Issued documents, evidence and jurisdiction register","Recorded findings, responses and authorized determination","A, B, D, E, I, J, Q, U, V, Z, F, R, W","not-tested"
"IND-61","Insurance, loss assessment and forensic work","Assessor / forensic engineer","Document damage and compare reinstatement scope","Pre-loss records, photos, survey and inspection findings","Evidence-linked scope, measured costs and limitations","A, B, D, E, I, J, Q, U, V, Z, G, R, S, T","not-tested"
"IND-62","Education, research and training","Educator / research engineer","Teach or evaluate a reproducible design workflow","Anonymized fixtures and known-answer problems","Repeatable tutorial, assessment and benchmark results","A, B, D, E, I, J, Q, U, V, Z, K, X","not-tested"
"IND-63","Healthcare, laboratories and clean facilities","Healthcare planner / specialist engineer","Coordinate rooms, specialist services and maintainability","Room data, workflow brief and equipment requirements","Room/equipment schedules and coordinated service package","A, B, D, E, I, J, Q, U, V, Z, H, N, O, W","not-tested"
"IND-64","Data centres and critical facilities","MEP/operations engineer","Coordinate redundant systems and maintenance access","Load and resilience brief, plant models and asset data","Coordinated systems, reviewed scenarios and commissioning records","A, B, D, E, I, J, Q, U, V, Z, H, N, O, W","not-tested"
"IND-65","Retail, hospitality and multi-site rollouts","Design manager / rollout coordinator","Adapt a standard fit-out to several sites","Brand template, surveys and local constraints","Controlled site variants, procurement and handover sets","A, B, D, E, I, J, Q, U, V, Z, H, K, M, N, P, R","not-tested"
"IND-66","Warehousing, logistics and industrial estates","Industrial planner / operator","Coordinate storage, vehicle flows and services","Survey, racking data and operating requirements","Layout, reviewed clearances and asset/maintenance schedule","A, B, D, E, I, J, Q, U, V, Z, F, G, H, N, O, Y","not-tested"
"IND-67","Shipbuilding and marine fabrication","Marine designer / fabricator","Coordinate equipment, piping and fabricated assemblies","Vessel geometry, system diagrams and material requirements","Controlled assembly, pipe and installation packages","A, B, D, E, I, J, Q, U, V, Z, H, M, N, O, Y","not-tested"
"IND-68","Recycling, waste and circular construction","Resource recovery planner","Plan selective dismantling and reuse of materials","Asset survey, material inventory and condition evidence","Reuse schedule, recovered quantities and disposal records","A, B, D, E, I, J, Q, U, V, Z, F, O, P, T, W, Y","not-tested"
