"HVAC draft - unverified; not a commissioning certificate","8b3c7b13313be6a926f0de1f90ec4161cadb92b1f799ef09c2e3bb343e7b54db"
"Reference","Synthetic fitting topology only"
"Evidence","sample"
"Node","Zone","Kind","Equipment tag","Service","Design L/s","Minimum L/s (-10%)","Maximum L/s (+10%)","Measured L/s","Status"
"A","Plant","pump","","pipe","unknown","unknown","unknown","unknown","not-tested"
"Z","East","pipe-terminal","","pipe","unknown","unknown","unknown","unknown","not-tested"
"B","East","pipe-terminal","","pipe","unknown","unknown","unknown","unknown","not-tested"

"Run","Velocity m/s","Check","Entered pressure allowance Pa"

"Pipe run","Outside diameter m","Inside diameter m","Pipe flow L/s","Velocity m/s","Check","Entered pressure allowance Pa"
"AE","0.4","0.35","2","0.020787584403839397","no-pipe-design-limit","unknown"
"ET","0.4","0.35","2","0.020787584403839397","no-pipe-design-limit","unknown"
"TR","0.4","0.35","2","0.020787584403839397","no-pipe-design-limit","unknown"
"RZ","0.2","0.15","2","0.11317684842090335","no-pipe-design-limit","unknown"
"TB","0.4","0.35","2","0.020787584403839397","no-pipe-design-limit","unknown"

"Fitting node","Type","Service","Source reference","Ports","Conservative clearance"
"E","elbow","pipe","Synthetic fitting sheet","2","no-bounded-clash"
"T","tee","pipe","Synthetic fitting sheet","3","no-bounded-clash"
"R","reducer","pipe","Synthetic fitting sheet","2","no-bounded-clash"

"Network issue","Target","Message"

"Network inputs (metres; flow L/s)","{""beams"":[],""edges"":[{""airflowLs"":100,""availablePlenumM"":10,""from"":""A"",""heightM"":0.3,""id"":""AE"",""innerDiameterM"":0.35,""insulationM"":0.025,""pipeFlowLs"":2,""pressureAllowancePaPerM"":null,""service"":""pipe"",""shape"":""round"",""to"":""E"",""widthM"":0.4},{""airflowLs"":100,""availablePlenumM"":10,""from"":""E"",""heightM"":0.3,""id"":""ET"",""innerDiameterM"":0.35,""insulationM"":0.025,""pipeFlowLs"":2,""pressureAllowancePaPerM"":null,""service"":""pipe"",""shape"":""round"",""to"":""T"",""widthM"":0.4},{""airflowLs"":100,""availablePlenumM"":10,""from"":""T"",""heightM"":0.3,""id"":""TR"",""innerDiameterM"":0.35,""insulationM"":0.025,""pipeFlowLs"":2,""pressureAllowancePaPerM"":null,""service"":""pipe"",""shape"":""round"",""to"":""R"",""widthM"":0.4},{""airflowLs"":100,""availablePlenumM"":10,""from"":""R"",""heightM"":0.3,""id"":""RZ"",""innerDiameterM"":0.15,""insulationM"":0.025,""pipeFlowLs"":2,""pressureAllowancePaPerM"":null,""service"":""pipe"",""shape"":""round"",""to"":""Z"",""widthM"":0.2},{""airflowLs"":100,""availablePlenumM"":10,""from"":""T"",""heightM"":0.3,""id"":""TB"",""innerDiameterM"":0.35,""insulationM"":0.025,""pipeFlowLs"":2,""pressureAllowancePaPerM"":null,""service"":""pipe"",""shape"":""round"",""to"":""B"",""widthM"":0.4}],""evidence"":""sample"",""nodes"":[{""designAirflowLs"":null,""equipmentTag"":"""",""id"":""A"",""kind"":""pump"",""x"":-2,""y"":0,""z"":0,""zone"":""Plant""},{""designAirflowLs"":null,""equipmentTag"":"""",""fitting"":{""lengthM"":0.8,""radiusM"":0.6,""reference"":""Synthetic fitting sheet""},""id"":""E"",""kind"":""elbow"",""x"":0,""y"":0,""z"":0,""zone"":""East""},{""designAirflowLs"":null,""equipmentTag"":"""",""fitting"":{""lengthM"":0.4,""radiusM"":0.6,""reference"":""Synthetic fitting sheet""},""id"":""T"",""kind"":""tee"",""x"":0,""y"":0,""z"":2,""zone"":""East""},{""designAirflowLs"":null,""equipmentTag"":"""",""fitting"":{""lengthM"":0.8,""radiusM"":0.6,""reference"":""Synthetic fitting sheet""},""id"":""R"",""kind"":""reducer"",""x"":2,""y"":0,""z"":2,""zone"":""East""},{""designAirflowLs"":null,""equipmentTag"":"""",""id"":""Z"",""kind"":""pipe-terminal"",""x"":4,""y"":0,""z"":2,""zone"":""East""},{""designAirflowLs"":null,""equipmentTag"":"""",""id"":""B"",""kind"":""pipe-terminal"",""x"":0,""y"":0,""z"":4,""zone"":""East""}],""occupancy"":""residential"",""reference"":""Synthetic fitting topology only""}"
"Delivery metadata","{""contentSha256"":""8b3c7b13313be6a926f0de1f90ec4161cadb92b1f799ef09c2e3bb343e7b54db"",""createdAt"":""2026-09-20T13:17:43.700Z"",""format"":""xray.delivery-record/v1"",""id"":""hvac-8b3c7b13313be6a9"",""kind"":""hvac-commissioning"",""projectId"":""job-sc09-room-roof"",""revision"":1,""sourceBinding"":null,""state"":""draft-export"",""status"":""active""}"