"HVAC draft - unverified; not a commissioning certificate","257c4da30c044c27fdd4d657e1b5ebe69d31abf6befb5aa4bad00aa838b03f40"
"Reference","Synthetic pipe workflow only"
"Evidence","sample"
"Node","Zone","Kind","Equipment tag","Service","Design L/s","Minimum L/s (-10%)","Maximum L/s (+10%)","Measured L/s","Status"
"AHU-1","Plant","pump","AHU-1","pipe","2","1.8","2.2","unknown","not-tested"
"J-1","East","valve","","pipe","unknown","unknown","unknown","unknown","not-tested"
"GR-1","West","pipe-terminal","GR-1","pipe","1","0.9","1.1","unknown","not-tested"

"Run","Velocity m/s","Check","Entered pressure allowance Pa"

"Pipe run","Outside diameter m","Inside diameter m","Pipe flow L/s","Velocity m/s","Check","Entered pressure allowance Pa"
"S-1","0.12","0.1","2","0.25464790894703254","no-pipe-design-limit","unknown"
"S-2","0.12","0.1","1","0.12732395447351627","no-pipe-design-limit","3.5999999999999996"

"Network issue","Target","Message"

"Network inputs (metres; flow L/s)","{""beams"":[],""edges"":[{""airflowLs"":900,""availablePlenumM"":0.5,""from"":""AHU-1"",""heightM"":0.3,""id"":""S-1"",""innerDiameterM"":0.1,""insulationM"":0.02,""pipeFlowLs"":2,""pressureAllowancePaPerM"":null,""service"":""pipe"",""shape"":""round"",""to"":""J-1"",""widthM"":0.12},{""airflowLs"":450,""availablePlenumM"":0.5,""from"":""J-1"",""heightM"":0.2,""id"":""S-2"",""innerDiameterM"":0.1,""insulationM"":0.02,""pipeFlowLs"":1,""pressureAllowancePaPerM"":1.2,""service"":""pipe"",""shape"":""round"",""to"":""GR-1"",""widthM"":0.12}],""evidence"":""sample"",""nodes"":[{""designAirflowLs"":900,""designPipeFlowLs"":2,""equipmentTag"":""AHU-1"",""id"":""AHU-1"",""kind"":""pump"",""x"":0,""y"":2.8,""z"":0,""zone"":""Plant""},{""designAirflowLs"":null,""designPipeFlowLs"":null,""equipmentTag"":"""",""id"":""J-1"",""kind"":""valve"",""x"":4,""y"":2.8,""z"":0,""zone"":""East""},{""designAirflowLs"":450,""designPipeFlowLs"":1,""equipmentTag"":""GR-1"",""id"":""GR-1"",""kind"":""pipe-terminal"",""x"":4,""y"":2.8,""z"":3,""zone"":""West""}],""occupancy"":""residential"",""reference"":""Synthetic pipe workflow only""}"
"Delivery metadata","{""contentSha256"":""257c4da30c044c27fdd4d657e1b5ebe69d31abf6befb5aa4bad00aa838b03f40"",""createdAt"":""2026-09-20T12:54:18.323Z"",""format"":""xray.delivery-record/v1"",""id"":""hvac-257c4da30c044c27"",""kind"":""hvac-commissioning"",""projectId"":""job-sc09-room-roof"",""revision"":1,""sourceBinding"":null,""state"":""draft-export"",""status"":""active""}"