"ID","Category","Requirement","Acceptance test","State","Code","Proof","Benchmarks"
"A-01","Administration, accounts and access","Organization workspaces","Two companies cannot read each other's project records","not-assessed","","","BIMCLOUD; FORMA; ACONEX"
"A-02","Administration, accounts and access","Individual sign-in and sign-out","Sign-out removes access and cached private views","not-assessed","","","BIMCLOUD; FORMA; ACONEX"
"A-03","Administration, accounts and access","Staff invitations","An accepted invitation grants only the invited role","not-assessed","","","BIMCLOUD; FORMA; ACONEX"
"A-04","Administration, accounts and access","Project roles","Viewer cannot edit; estimator cannot approve engineering","not-assessed","","","BIMCLOUD; FORMA; ACONEX"
"A-05","Administration, accounts and access","Document and field permissions","Restricted rates remain hidden in screens and exports","not-assessed","","","BIMCLOUD; FORMA; ACONEX"
"A-06","Administration, accounts and access","External guest access","Guest sees only explicitly shared packages","not-assessed","","","BIMCLOUD; FORMA; ACONEX"
"A-07","Administration, accounts and access","Access revocation","Previously valid links and sessions lose access when revoked","not-assessed","","","BIMCLOUD; FORMA; ACONEX"
"A-08","Administration, accounts and access","Multi-factor and enterprise identity","Enforced identity policy survives account recovery","not-assessed","","","BIMCLOUD; FORMA; ACONEX"
"A-09","Administration, accounts and access","Staff directory and teams","Reassignment preserves historical authorship","not-assessed","","","BIMCLOUD; FORMA; ACONEX"
"A-10","Administration, accounts and access","Audit trail","Actor, time, action and affected revision are recorded","not-assessed","","","BIMCLOUD; FORMA; ACONEX"
"A-11","Administration, accounts and access","Account recovery and offboarding","Removed staff cannot retain active organization access","not-assessed","","","BIMCLOUD; FORMA; ACONEX"
"A-12","Administration, accounts and access","Regional settings","Units, currency, date and timezone are explicit per project","not-assessed","","","BIMCLOUD; FORMA; ACONEX"
"A-13","Administration, accounts and access","Custom fields and classifications","Required fields validate and survive export/import","not-assessed","","","BIMCLOUD; FORMA; ACONEX"
"A-14","Administration, accounts and access","Organization templates","Template revisions do not silently alter existing projects","not-assessed","","","BIMCLOUD; FORMA; ACONEX"
"B-01","Backups, saving and project lifecycle","Create and name projects","Unique IDs survive duplicate display names","not-assessed","","","FORMA; ACONEX"
"B-02","Backups, saving and project lifecycle","Automatic save feedback","Saved appears only after durable storage succeeds","not-assessed","","","FORMA; ACONEX"
"B-03","Backups, saving and project lifecycle","Save As and duplicate","Copy gets new identity without sharing mutable records","not-assessed","","","FORMA; ACONEX"
"B-04","Backups, saving and project lifecycle","Reopen recent projects","Latest saved revision and source sheets return after restart","not-assessed","","","FORMA; ACONEX"
"B-05","Backups, saving and project lifecycle","Offline local storage","Airplane-mode restart restores drawings and attached originals","not-assessed","","","FORMA; ACONEX"
"B-06","Backups, saving and project lifecycle","Cross-device project storage","Authorized second device opens the same confirmed revision","not-assessed","","","FORMA; ACONEX"
"B-07","Backups, saving and project lifecycle","Archive and restore projects","Archived jobs leave the active list and restore intact","not-assessed","","","FORMA; ACONEX"
"B-08","Backups, saving and project lifecycle","Recycle bin","Accidental removal is recoverable with links and history intact","not-assessed","","","FORMA; ACONEX"
"B-09","Backups, saving and project lifecycle","Portable complete backup","Restore on a clean profile includes sources, models, rates and evidence","not-assessed","","","FORMA; ACONEX"
"B-10","Backups, saving and project lifecycle","Backup integrity preview","Corrupt or missing assets block replacement before any write","not-assessed","","","FORMA; ACONEX"
"B-11","Backups, saving and project lifecycle","Crash and interrupted-write recovery","Last confirmed snapshot survives forced termination","not-assessed","","","FORMA; ACONEX"
"B-12","Backups, saving and project lifecycle","Concurrent edit protection","Stale writer cannot silently overwrite a newer revision","not-assessed","","","FORMA; ACONEX"
"B-13","Backups, saving and project lifecycle","Storage failure recovery","Full disk/quota error preserves previous data and supports retry","not-assessed","","","FORMA; ACONEX"
"B-14","Backups, saving and project lifecycle","Migration and retention","Older supported backups upgrade with a reversible audit record","not-assessed","","","FORMA; ACONEX"
"C-01","CAD precision and drawing tools","Lines, polylines, arcs and circles","Exact coordinates survive save and CAD exchange","not-assessed","","","ACAD"
"C-02","CAD precision and drawing tools","Splines and curves","Control points and curve tolerance survive supported exchanges","not-assessed","","","ACAD"
"C-03","CAD precision and drawing tools","Object snaps and tracking","Endpoint, midpoint, perpendicular and intersection picks are correct","not-assessed","","","ACAD"
"C-04","CAD precision and drawing tools","Numeric and relative entry","Typed distance/angle yields the expected measured geometry","not-assessed","","","ACAD"
"C-05","CAD precision and drawing tools","Coordinate systems and origins","Local and project origins transform without drift","not-assessed","","","ACAD"
"C-06","CAD precision and drawing tools","Layers and visibility","Hidden, locked and isolated layers retain correct entity membership","not-assessed","","","ACAD"
"C-07","CAD precision and drawing tools","Selection and properties","Window/crossing selection and batch edits affect intended objects only","not-assessed","","","ACAD"
"C-08","CAD precision and drawing tools","Move, rotate, scale and copy","Transform and undo preserve dimensions and IDs","not-assessed","","","ACAD"
"C-09","CAD precision and drawing tools","Offset, trim, extend and fillet","Edge cases retain valid connected geometry","not-assessed","","","ACAD"
"C-10","CAD precision and drawing tools","Blocks and reusable symbols","Definition update changes intended instances without broken attributes","not-assessed","","","ACAD"
"C-11","CAD precision and drawing tools","Constraints and parameters","Driving dimension regenerates dependent geometry consistently","not-assessed","","","ACAD"
"C-12","CAD precision and drawing tools","Dimensions, leaders and text","Annotation values update and plot legibly at scale","not-assessed","","","ACAD"
"C-13","CAD precision and drawing tools","Hatches, lineweights and plot styles","Screen and exported output agree on declared styles","not-assessed","","","ACAD"
"C-14","CAD precision and drawing tools","Undo, redo and transaction history","One user operation undoes atomically without losing active context","not-assessed","","","ACAD"
"D-01","Documents, sheets and drawing registers","Multi-file and multi-page import","PDFs with different page sizes preserve every original page","not-assessed","","","ACAD; BLUEBEAM; ACONEX"
"D-02","Documents, sheets and drawing registers","Sheet names and numbers","Rename changes labels without breaking evidence references","not-assessed","","","ACAD; BLUEBEAM; ACONEX"
"D-03","Documents, sheets and drawing registers","Add and duplicate drawing sheets","New sheet receives an independent identity and layout","not-assessed","","","ACAD; BLUEBEAM; ACONEX"
"D-04","Documents, sheets and drawing registers","Remove with impact preview","Review lists dependent takeoffs, links and viewports before removal","not-assessed","","","ACAD; BLUEBEAM; ACONEX"
"D-05","Documents, sheets and drawing registers","Restore removed sheets","Restored sheet recovers annotations, scale and original ordering","not-assessed","","","ACAD; BLUEBEAM; ACONEX"
"D-06","Documents, sheets and drawing registers","Reorder and group sheets","Discipline groups and order persist after restart and export","not-assessed","","","ACAD; BLUEBEAM; ACONEX"
"D-07","Documents, sheets and drawing registers","Title blocks and templates","Project metadata updates linked fields without clipping","not-assessed","","","ACAD; BLUEBEAM; ACONEX"
"D-08","Documents, sheets and drawing registers","Viewports and per-view scale","Independent scales measure correctly in exported PDF","not-assessed","","","ACAD; BLUEBEAM; ACONEX"
"D-09","Documents, sheets and drawing registers","Drawing revisions and supersession","Old revision remains retrievable and visibly superseded","not-assessed","","","ACAD; BLUEBEAM; ACONEX"
"D-10","Documents, sheets and drawing registers","Revision overlay and slip-sheeting","Added/deleted geometry is inspectable with alignment controls","not-assessed","","","ACAD; BLUEBEAM; ACONEX"
"D-11","Documents, sheets and drawing registers","OCR and sheet indexing","Suggested names are reviewable and uncertainty is visible","not-assessed","","","ACAD; BLUEBEAM; ACONEX"
"D-12","Documents, sheets and drawing registers","Cross-sheet references and hyperlinks","Detail callout opens the intended sheet revision","not-assessed","","","ACAD; BLUEBEAM; ACONEX"
"D-13","Documents, sheets and drawing registers","Batch printing and issue sets","Selected sheets export in reviewed order with an issue register","not-assessed","","","ACAD; BLUEBEAM; ACONEX"
"D-14","Documents, sheets and drawing registers","Bookmarks and saved views","Personal navigation restores the correct page and viewport","not-assessed","","","ACAD; BLUEBEAM; ACONEX"
"E-01","Estimation, pricing and commercial work","Pricing workbook import","XLSX/CSV sheets preview without executing spreadsheet formulas","not-assessed","","","COSTX; LCC"
"E-02","Estimation, pricing and commercial work","Column and worksheet mapping","SKU, description, unit and rate map with row-level errors","not-assessed","","","COSTX; LCC"
"E-03","Estimation, pricing and commercial work","Named price books and revisions","Supplier revisions coexist and old estimates remain reproducible","not-assessed","","","COSTX; LCC"
"E-04","Estimation, pricing and commercial work","Currency, tax and effective dates","Mixed currencies never total without a reviewed conversion","not-assessed","","","COSTX; LCC"
"E-05","Estimation, pricing and commercial work","Unit and pack normalization","Each/metre/square-metre/pack conversion shows its dimensional basis","not-assessed","","","COSTX; LCC"
"E-06","Estimation, pricing and commercial work","Apply and remove a price book","Impact preview preserves manual overrides and supports undo","not-assessed","","","COSTX; LCC"
"E-07","Estimation, pricing and commercial work","Supplier quote comparison","Equal specifications compare landed cost and exclusions","not-assessed","","","COSTX; LCC"
"E-08","Estimation, pricing and commercial work","Material, labour and plant build-ups","Assembly rate reconciles to separately editable components","not-assessed","","","COSTX; LCC"
"E-09","Estimation, pricing and commercial work","Waste, yield and productivity","Assumptions remain separate from measured net quantities","not-assessed","","","COSTX; LCC"
"E-10","Estimation, pricing and commercial work","Discount, margin and contingency","Formula order is explicit and totals independently reconcile","not-assessed","","","COSTX; LCC"
"E-11","Estimation, pricing and commercial work","Tender alternates and scenarios","Base and options compare without altering the accepted baseline","not-assessed","","","COSTX; LCC"
"E-12","Estimation, pricing and commercial work","Escalation and exchange rates","Source and effective date bind each applied factor","not-assessed","","","COSTX; LCC"
"E-13","Estimation, pricing and commercial work","Quote approval and issue","Issued estimate freezes rates, quantities, exclusions and revision","not-assessed","","","COSTX; LCC"
"E-14","Estimation, pricing and commercial work","Cost-to-complete and variations","Approved changes reconcile original budget to current forecast","not-assessed","","","COSTX; LCC"
"F-01","Field work, construction and site delivery","Offline field packages","Required drawings and checklists open without connectivity","not-assessed","","","PROCORE; BLUEBEAM"
"F-02","Field work, construction and site delivery","RFIs","Question links to exact drawing revision and tracks response/closure","not-assessed","","","PROCORE; BLUEBEAM"
"F-03","Field work, construction and site delivery","Submittals and shop drawing review","Review route, due date and resubmission history persist","not-assessed","","","PROCORE; BLUEBEAM"
"F-04","Field work, construction and site delivery","Daily site reports","Labour, plant, weather and work records retain author and attachments","not-assessed","","","PROCORE; BLUEBEAM"
"F-05","Field work, construction and site delivery","Tasks and punch lists","Assigned location-based defect closes only with recorded evidence","not-assessed","","","PROCORE; BLUEBEAM"
"F-06","Field work, construction and site delivery","Inspection and test plans","Hold points prevent progression until authorized release","not-assessed","","","PROCORE; BLUEBEAM"
"F-07","Field work, construction and site delivery","Photos, videos and geolocation","Original media and capture context survive synchronization","not-assessed","","","PROCORE; BLUEBEAM"
"F-08","Field work, construction and site delivery","Field markups and as-built capture","Redline links to source and proposed changed object","not-assessed","","","PROCORE; BLUEBEAM"
"F-09","Field work, construction and site delivery","Delivery docket and receiving","Received quantities reconcile order and damaged/rejected goods","not-assessed","","","PROCORE; BLUEBEAM"
"F-10","Field work, construction and site delivery","Crew timesheets and productivity","Approved hours reconcile work package quantities","not-assessed","","","PROCORE; BLUEBEAM"
"F-11","Field work, construction and site delivery","Permits and safety observations","Expired permits and unresolved hazards remain visible","not-assessed","","","PROCORE; BLUEBEAM"
"F-12","Field work, construction and site delivery","Temporary works and lift planning","Reviewed configuration links to checked calculation package","not-assessed","","","PROCORE; BLUEBEAM"
"F-13","Field work, construction and site delivery","Progress quantities and claims","Claimed installed work reconciles verified measured evidence","not-assessed","","","PROCORE; BLUEBEAM"
"F-14","Field work, construction and site delivery","Offline synchronization conflicts","Conflicting field edits require review without losing either copy","not-assessed","","","PROCORE; BLUEBEAM"
"G-01","Geospatial, surveying and reality capture","CRS, datum and geoid management","Known survey control transforms within stated tolerance","not-assessed","","","GIS; TBC; TRIMBLE"
"G-02","Geospatial, surveying and reality capture","Survey points and coding","Point IDs, descriptions and units survive field-data import","not-assessed","","","GIS; TBC; TRIMBLE"
"G-03","Geospatial, surveying and reality capture","Traverses and network adjustment","Closure and residuals match an independent benchmark","not-assessed","","","GIS; TBC; TRIMBLE"
"G-04","Geospatial, surveying and reality capture","GNSS and total-station exchange","Supported observation metadata and quality flags persist","not-assessed","","","GIS; TBC; TRIMBLE"
"G-05","Geospatial, surveying and reality capture","COGO and boundaries","Bearings, distances and closure reproduce the survey input","not-assessed","","","GIS; TBC; TRIMBLE"
"G-06","Geospatial, surveying and reality capture","Terrain surfaces and breaklines","Triangulation respects boundaries, breaklines and holes","not-assessed","","","GIS; TBC; TRIMBLE"
"G-07","Geospatial, surveying and reality capture","Contours and spot elevations","Labels and contours match the underlying surface","not-assessed","","","GIS; TBC; TRIMBLE"
"G-08","Geospatial, surveying and reality capture","Point-cloud import and indexing","Large dataset streams with declared coordinate accuracy","not-assessed","","","GIS; TBC; TRIMBLE"
"G-09","Geospatial, surveying and reality capture","Registration and control fitting","Residuals and excluded control points are reported","not-assessed","","","GIS; TBC; TRIMBLE"
"G-10","Geospatial, surveying and reality capture","Scan-to-model review","Derived object retains source region and uncertainty","not-assessed","","","GIS; TBC; TRIMBLE"
"G-11","Geospatial, surveying and reality capture","Drone imagery and orthophotos","Ground control and image resolution remain traceable","not-assessed","","","GIS; TBC; TRIMBLE"
"G-12","Geospatial, surveying and reality capture","GIS layers and spatial queries","Attribute filters and spatial selections return known fixtures","not-assessed","","","GIS; TBC; TRIMBLE"
"G-13","Geospatial, surveying and reality capture","Stakeout and machine-control export","Independent device/parser verifies coordinates and units","not-assessed","","","GIS; TBC; TRIMBLE"
"G-14","Geospatial, surveying and reality capture","Change and deformation surveys","Time-stamped comparisons separate movement from registration error","not-assessed","","","GIS; TBC; TRIMBLE"
"H-01","HVAC, hydraulics, plumbing and fire services","Connected system topology","Equipment, terminals and branches form a validated network","not-assessed","","","REVIT; WATER"
"H-02","HVAC, hydraulics, plumbing and fire services","Duct routing and fittings","Size, elevation, clearance and fitting rules persist","not-assessed","","","REVIT; WATER"
"H-03","HVAC, hydraulics, plumbing and fire services","Airflow and pressure calculations","Known network matches checked design calculation","not-assessed","","","REVIT; WATER"
"H-04","HVAC, hydraulics, plumbing and fire services","Heating and cooling loads","Zone assumptions and weather input reproduce benchmark results","not-assessed","","","REVIT; WATER"
"H-05","HVAC, hydraulics, plumbing and fire services","Equipment selection schedules","Selected duty reconciles specified performance and source data","not-assessed","","","REVIT; WATER"
"H-06","HVAC, hydraulics, plumbing and fire services","Water supply and sanitary routing","Pipe size, fall and connection direction are inspectable","not-assessed","","","REVIT; WATER"
"H-07","HVAC, hydraulics, plumbing and fire services","Hydraulic networks and pumps","Flow, head and operating point match reference cases","not-assessed","","","REVIT; WATER"
"H-08","HVAC, hydraulics, plumbing and fire services","Stormwater and roof drainage","Catchment, design event and outlet capacity remain linked","not-assessed","","","REVIT; WATER"
"H-09","HVAC, hydraulics, plumbing and fire services","Sprinkler and hydrant systems","Reviewed coverage and demand calculations retain edition/jurisdiction","not-assessed","","","REVIT; WATER"
"H-10","HVAC, hydraulics, plumbing and fire services","Gas and process services","Service compatibility and design conditions are explicit","not-assessed","","","REVIT; WATER"
"H-11","HVAC, hydraulics, plumbing and fire services","Insulation and supports","Quantities distinguish bare pipe, insulation and support spacing","not-assessed","","","REVIT; WATER"
"H-12","HVAC, hydraulics, plumbing and fire services","Plantroom access and coordination","Maintenance clearances are checked against actual geometry","not-assessed","","","REVIT; WATER"
"H-13","HVAC, hydraulics, plumbing and fire services","Risers, schematics and schedules","Changes propagate consistently between representations","not-assessed","","","REVIT; WATER"
"H-14","HVAC, hydraulics, plumbing and fire services","Commissioning and balancing records","As-tested performance links to installed equipment revision","not-assessed","","","REVIT; WATER"
"I-01","Interoperability, imports and integrations","DXF import/export","Independent reader verifies supported geometry, layers and units","not-assessed","","","ACAD; DWG; BCF; IDS"
"I-02","Interoperability, imports and integrations","Native Windows DWG exchange","Binary file opens independently; unsupported objects are disclosed","not-assessed","","","ACAD; DWG; BCF; IDS"
"I-03","Interoperability, imports and integrations","IFC geometry and property exchange","Declared schema validates with correct object identity","not-assessed","","","ACAD; DWG; BCF; IDS"
"I-04","Interoperability, imports and integrations","BCF issue exchange","Viewpoint, object references and discussion survive a second application","not-assessed","","","ACAD; DWG; BCF; IDS"
"I-05","Interoperability, imports and integrations","LandXML and civil exchange","Alignments, surfaces and units pass independent readback","not-assessed","","","ACAD; DWG; BCF; IDS"
"I-06","Interoperability, imports and integrations","STEP, IGES and manufacturing exchange","Declared solids and tolerances survive a second kernel","not-assessed","","","ACAD; DWG; BCF; IDS"
"I-07","Interoperability, imports and integrations","Point-cloud and GIS formats","LAS/E57/GeoJSON support is explicit and independently checked","not-assessed","","","ACAD; DWG; BCF; IDS"
"I-08","Interoperability, imports and integrations","PDF, image and vector export","Clipping, scale, fonts and transparency render correctly","not-assessed","","","ACAD; DWG; BCF; IDS"
"I-09","Interoperability, imports and integrations","Spreadsheet and tabular export","Column types, escaping and formulas are handled predictably","not-assessed","","","ACAD; DWG; BCF; IDS"
"I-10","Interoperability, imports and integrations","Referenced file management","Missing external dependencies are reported before issue","not-assessed","","","ACAD; DWG; BCF; IDS"
"I-11","Interoperability, imports and integrations","Connector authentication","Provider permissions and token revocation are tested","not-assessed","","","ACAD; DWG; BCF; IDS"
"I-12","Interoperability, imports and integrations","Versioned API and webhooks","Retries use idempotency and durable acknowledgement","not-assessed","","","ACAD; DWG; BCF; IDS"
"I-13","Interoperability, imports and integrations","Import preview and cancellation","Invalid/cancelled import leaves current project unchanged","not-assessed","","","ACAD; DWG; BCF; IDS"
"I-14","Interoperability, imports and integrations","Compatibility and loss reports","Every conversion lists supported scope and detected losses","not-assessed","","","ACAD; DWG; BCF; IDS"
"J-01","Jobs, programmes and commercial administration","Client, site and contact records","Project links remain valid when contact details change","not-assessed","","","PROCORE; ACONEX"
"J-02","Jobs, programmes and commercial administration","Brief and requirements register","Each requirement links to a responsible person and deliverable","not-assessed","","","PROCORE; ACONEX"
"J-03","Jobs, programmes and commercial administration","Scope, exclusions and assumptions","Issued scope is immutable and changes are revisioned","not-assessed","","","PROCORE; ACONEX"
"J-04","Jobs, programmes and commercial administration","Work breakdown and cost codes","Tasks, quantities and costs roll up without duplicates","not-assessed","","","PROCORE; ACONEX"
"J-05","Jobs, programmes and commercial administration","Programme and dependencies","Date changes recalculate dependent tasks and reveal conflicts","not-assessed","","","PROCORE; ACONEX"
"J-06","Jobs, programmes and commercial administration","Design deliverables and milestones","Overdue deliverables remain assigned and visible","not-assessed","","","PROCORE; ACONEX"
"J-07","Jobs, programmes and commercial administration","Resources and capacity","Overallocated people and equipment are identifiable","not-assessed","","","PROCORE; ACONEX"
"J-08","Jobs, programmes and commercial administration","Contracts and commitments","Approved scope and committed amount reconcile to supplier records","not-assessed","","","PROCORE; ACONEX"
"J-09","Jobs, programmes and commercial administration","Change events and approvals","Proposed variation cannot enter approved totals prematurely","not-assessed","","","PROCORE; ACONEX"
"J-10","Jobs, programmes and commercial administration","Procurement schedule","Required-on-site dates reconcile lead time and order status","not-assessed","","","PROCORE; ACONEX"
"J-11","Jobs, programmes and commercial administration","Meeting decisions and actions","Decision links to affected document and assigned follow-up","not-assessed","","","PROCORE; ACONEX"
"J-12","Jobs, programmes and commercial administration","Progress payment evidence","Claimed work links to approved measurement and period","not-assessed","","","PROCORE; ACONEX"
"J-13","Jobs, programmes and commercial administration","Portfolio search and reporting","User only sees permitted jobs and correct aggregate totals","not-assessed","","","PROCORE; ACONEX"
"J-14","Jobs, programmes and commercial administration","Closeout and lessons learned","Complete record archives and reopens with its issue history","not-assessed","","","PROCORE; ACONEX"
"K-01","Knowledge, libraries and reusable standards","Component and assembly libraries","Reuse preserves source, units and revision identity","not-assessed","","","ACAD; SOLID; EPLAN"
"K-02","Knowledge, libraries and reusable standards","Manufacturer product catalogues","Model/specification maps to an identifiable product","not-assessed","","","ACAD; SOLID; EPLAN"
"K-03","Knowledge, libraries and reusable standards","Detail and symbol libraries","Inserted detail retains attribution and discipline metadata","not-assessed","","","ACAD; SOLID; EPLAN"
"K-04","Knowledge, libraries and reusable standards","Organization naming conventions","Invalid drawing/asset names produce actionable validation","not-assessed","","","ACAD; SOLID; EPLAN"
"K-05","Knowledge, libraries and reusable standards","Classification mapping","Local codes map explicitly to selected classification systems","not-assessed","","","ACAD; SOLID; EPLAN"
"K-06","Knowledge, libraries and reusable standards","Specification clauses","Object properties link to the issued specification revision","not-assessed","","","ACAD; SOLID; EPLAN"
"K-07","Knowledge, libraries and reusable standards","Calculation templates","Inputs, formulas and validated range remain visible","not-assessed","","","ACAD; SOLID; EPLAN"
"K-08","Knowledge, libraries and reusable standards","Custom property sets","Type-safe fields survive import, duplication and export","not-assessed","","","ACAD; SOLID; EPLAN"
"K-09","Knowledge, libraries and reusable standards","Search and tags","Material, detail and project search returns permission-filtered results","not-assessed","","","ACAD; SOLID; EPLAN"
"K-10","Knowledge, libraries and reusable standards","Favourite tool palettes","User presets restore without changing project data","not-assessed","","","ACAD; SOLID; EPLAN"
"K-11","Knowledge, libraries and reusable standards","Library change control","Updating master content offers review before replacing instances","not-assessed","","","ACAD; SOLID; EPLAN"
"K-12","Knowledge, libraries and reusable standards","Content provenance and licensing","Restricted content cannot be silently redistributed","not-assessed","","","ACAD; SOLID; EPLAN"
"K-13","Knowledge, libraries and reusable standards","Training and contextual help","New user can complete a fixture workflow without hidden steps","not-assessed","","","ACAD; SOLID; EPLAN"
"K-14","Knowledge, libraries and reusable standards","Organization template portability","Import checks dependencies and conflicting identifiers","not-assessed","","","ACAD; SOLID; EPLAN"
"L-01","Landscape, land development and public realm","Site constraints and setbacks","Mapped constraints remain visible in design and issue sheets","not-assessed","","","LANDMARK; OPENSITE"
"L-02","Landscape, land development and public realm","Grading and drainage design","Surface edits produce consistent slopes and catchments","not-assessed","","","LANDMARK; OPENSITE"
"L-03","Landscape, land development and public realm","Cut/fill and earthworks","Independent volumes reconcile existing and proposed surfaces","not-assessed","","","LANDMARK; OPENSITE"
"L-04","Landscape, land development and public realm","Planting and species schedules","Counts, spacing, maturity and stock sizes reconcile plans","not-assessed","","","LANDMARK; OPENSITE"
"L-05","Landscape, land development and public realm","Irrigation networks","Zones, demand and equipment link to checked hydraulic inputs","not-assessed","","","LANDMARK; OPENSITE"
"L-06","Landscape, land development and public realm","Hardscape and paving patterns","Edge cuts and net areas reconcile layout geometry","not-assessed","","","LANDMARK; OPENSITE"
"L-07","Landscape, land development and public realm","Retaining walls and terraces","Height/level changes update quantities and sections","not-assessed","","","LANDMARK; OPENSITE"
"L-08","Landscape, land development and public realm","Accessible paths and ramps","Slopes and landings report measured values against selected criteria","not-assessed","","","LANDMARK; OPENSITE"
"L-09","Landscape, land development and public realm","Street furniture and lighting","Location schedule matches placed assets","not-assessed","","","LANDMARK; OPENSITE"
"L-10","Landscape, land development and public realm","Arboriculture and tree protection","Surveyed trees retain condition, exclusion zone and decision history","not-assessed","","","LANDMARK; OPENSITE"
"L-11","Landscape, land development and public realm","Erosion, sediment and water-sensitive design","Staging and treatment assumptions remain recorded","not-assessed","","","LANDMARK; OPENSITE"
"L-12","Landscape, land development and public realm","Playgrounds, parks and sports facilities","Equipment clearances and maintenance needs are traceable","not-assessed","","","LANDMARK; OPENSITE"
"L-13","Landscape, land development and public realm","Habitat and biodiversity schedules","Habitat areas and stated assessment method remain inspectable","not-assessed","","","LANDMARK; OPENSITE"
"L-14","Landscape, land development and public realm","Landscape maintenance handover","Planting, irrigation and warranty records follow installed assets","not-assessed","","","LANDMARK; OPENSITE"
"M-01","Manufacturing, mechanical design and fabrication","Parametric parts and feature history","Dimension change regenerates a valid part or explains failure","not-assessed","","","SOLID; NX; EPLAN"
"M-02","Manufacturing, mechanical design and fabrication","Assemblies, mates and interference","Assembly motion and collision checks match known fixtures","not-assessed","","","SOLID; NX; EPLAN"
"M-03","Manufacturing, mechanical design and fabrication","Tolerances and GD&T","Drawing annotations bind to intended datum and feature","not-assessed","","","SOLID; NX; EPLAN"
"M-04","Manufacturing, mechanical design and fabrication","Sheet metal and flat patterns","Bend allowance and unfolded dimensions match fabrication reference","not-assessed","","","SOLID; NX; EPLAN"
"M-05","Manufacturing, mechanical design and fabrication","Weldments and structural frames","Cut list reconciles lengths, end treatments and members","not-assessed","","","SOLID; NX; EPLAN"
"M-06","Manufacturing, mechanical design and fabrication","Joinery and cabinet manufacture","Panels, edging, hardware and drilling reconcile assembly","not-assessed","","","SOLID; NX; EPLAN"
"M-07","Manufacturing, mechanical design and fabrication","Part numbers, BOM and configurations","Variant BOM contains exactly the selected components","not-assessed","","","SOLID; NX; EPLAN"
"M-08","Manufacturing, mechanical design and fabrication","Nesting and stock optimization","Kerf, grain and remnants are respected in material yield","not-assessed","","","SOLID; NX; EPLAN"
"M-09","Manufacturing, mechanical design and fabrication","CAM toolpaths and posts","Independent simulation validates chosen machine/post combination","not-assessed","","","SOLID; NX; EPLAN"
"M-10","Manufacturing, mechanical design and fabrication","Additive manufacturing preparation","Wall limits, supports and build orientation are checked","not-assessed","","","SOLID; NX; EPLAN"
"M-11","Manufacturing, mechanical design and fabrication","Tooling, jigs and fixtures","Setup constraints and reference positions are documented","not-assessed","","","SOLID; NX; EPLAN"
"M-12","Manufacturing, mechanical design and fabrication","Weld maps and traceability","Weld procedure and inspection link to material and serial identity","not-assessed","","","SOLID; NX; EPLAN"
"M-13","Manufacturing, mechanical design and fabrication","Quality inspection and metrology","Measured deviations reconcile nominal geometry and tolerance","not-assessed","","","SOLID; NX; EPLAN"
"M-14","Manufacturing, mechanical design and fabrication","Engineering change and release","Released manufacturing package remains reproducible after changes","not-assessed","","","SOLID; NX; EPLAN"
"N-01","Networks, electrical, controls and communications","Single-line and circuit diagrams","Circuit identity is consistent across drawings and schedules","not-assessed","","","REVIT; EPLAN"
"N-02","Networks, electrical, controls and communications","Electrical load schedules","Diversity and connected demand reconcile checked inputs","not-assessed","","","REVIT; EPLAN"
"N-03","Networks, electrical, controls and communications","Cable sizing and voltage drop","Selected assumptions reproduce a checked calculation","not-assessed","","","REVIT; EPLAN"
"N-04","Networks, electrical, controls and communications","Protection and fault coordination","Device curves and fault assumptions are version-bound","not-assessed","","","REVIT; EPLAN"
"N-05","Networks, electrical, controls and communications","Lighting layout and calculations","Fixture data and measured illuminance match reference cases","not-assessed","","","REVIT; EPLAN"
"N-06","Networks, electrical, controls and communications","Earthing and lightning protection","Conductors and test points link to reviewed design criteria","not-assessed","","","REVIT; EPLAN"
"N-07","Networks, electrical, controls and communications","Panel and switchboard schedules","Ways, phases and equipment reconcile connected circuits","not-assessed","","","REVIT; EPLAN"
"N-08","Networks, electrical, controls and communications","Cable tray and containment routes","Lengths, fill and clearances follow actual routing","not-assessed","","","REVIT; EPLAN"
"N-09","Networks, electrical, controls and communications","Controls, PLC and I/O schedules","Each tag maps consistently to device, terminal and channel","not-assessed","","","REVIT; EPLAN"
"N-10","Networks, electrical, controls and communications","Telecommunications and fibre","Ports, fibres, splices and loss budgets remain traceable","not-assessed","","","REVIT; EPLAN"
"N-11","Networks, electrical, controls and communications","Security, CCTV and access systems","Device coverage and restricted credentials stay separate","not-assessed","","","REVIT; EPLAN"
"N-12","Networks, electrical, controls and communications","Solar, batteries and EV charging","Equipment, demand and connection assumptions are explicit","not-assessed","","","REVIT; EPLAN"
"N-13","Networks, electrical, controls and communications","Instrumentation and loop diagrams","Tag and loop changes propagate through affected documents","not-assessed","","","REVIT; EPLAN"
"N-14","Networks, electrical, controls and communications","Testing and electrical handover","Test results link to installed circuit and equipment revision","not-assessed","","","REVIT; EPLAN"
"O-01","Operations, facilities and asset management","Asset register and location hierarchy","Installed asset is findable by ID, space and system","not-assessed","","","MAXIMO; AVEVA"
"O-02","Operations, facilities and asset management","O&M manuals and warranties","Exact asset links to current manual and warranty dates","not-assessed","","","MAXIMO; AVEVA"
"O-03","Operations, facilities and asset management","Commissioning and practical completion","Open defects remain visible at handover","not-assessed","","","MAXIMO; AVEVA"
"O-04","Operations, facilities and asset management","Preventive maintenance plans","Recurrence generates the correct due work orders","not-assessed","","","MAXIMO; AVEVA"
"O-05","Operations, facilities and asset management","Reactive work orders","Request progresses through assignment, execution and verification","not-assessed","","","MAXIMO; AVEVA"
"O-06","Operations, facilities and asset management","Condition inspection and history","Condition scores retain method, date and supporting evidence","not-assessed","","","MAXIMO; AVEVA"
"O-07","Operations, facilities and asset management","Spare parts and maintenance inventory","Consumption links to work order and stock balance","not-assessed","","","MAXIMO; AVEVA"
"O-08","Operations, facilities and asset management","QR/barcode field lookup","Scan resolves correct asset and permitted records","not-assessed","","","MAXIMO; AVEVA"
"O-09","Operations, facilities and asset management","Space and occupancy management","Space changes reconcile floor area and assigned occupancy","not-assessed","","","MAXIMO; AVEVA"
"O-10","Operations, facilities and asset management","Metering and performance trends","Time-series units, gaps and calibration are explicit","not-assessed","","","MAXIMO; AVEVA"
"O-11","Operations, facilities and asset management","Sensor/BMS integrations","Disconnected or stale feed cannot appear current","not-assessed","","","MAXIMO; AVEVA"
"O-12","Operations, facilities and asset management","Service contractors and SLAs","Escalations respect priority, business hours and contract","not-assessed","","","MAXIMO; AVEVA"
"O-13","Operations, facilities and asset management","Lifecycle renewal and budgets","Replacement forecasts retain condition and cost assumptions","not-assessed","","","MAXIMO; AVEVA"
"O-14","Operations, facilities and asset management","Decommissioning and disposal","Retired assets preserve records and disposal evidence","not-assessed","","","MAXIMO; AVEVA"
"P-01","Procurement, products and pricing research","User-initiated Firecrawl search","Explicit query returns bounded real source links or honest failure","not-assessed","","","FIRECRAWL; COSTX; PROCORE"
"P-02","Procurement, products and pricing research","Supplier and regional filters","Results show selected country, supplier and search timestamp","not-assessed","","","FIRECRAWL; COSTX; PROCORE"
"P-03","Procurement, products and pricing research","Structured product extraction","SKU, specification, price basis and source excerpt are reviewable","not-assessed","","","FIRECRAWL; COSTX; PROCORE"
"P-04","Procurement, products and pricing research","Variant and product matching","Different grade/size/finish cannot silently substitute requested item","not-assessed","","","FIRECRAWL; COSTX; PROCORE"
"P-05","Procurement, products and pricing research","Price basis and availability","Ex-tax/inc-tax, pack size, stock and delivery conditions remain explicit","not-assessed","","","FIRECRAWL; COSTX; PROCORE"
"P-06","Procurement, products and pricing research","Missing and quoted-only prices","Unknown price remains unknown instead of zero or invented value","not-assessed","","","FIRECRAWL; COSTX; PROCORE"
"P-07","Procurement, products and pricing research","Price freshness and provenance","Each rate retains retrieval time, source URL and quoted currency","not-assessed","","","FIRECRAWL; COSTX; PROCORE"
"P-08","Procurement, products and pricing research","Review before rate application","Unreviewed research never changes project costs","not-assessed","","","FIRECRAWL; COSTX; PROCORE"
"P-09","Procurement, products and pricing research","Provider budgets and credentials","Secrets remain server/native-only and requests respect limits","not-assessed","","","FIRECRAWL; COSTX; PROCORE"
"P-10","Procurement, products and pricing research","Search cancellation and retry","Cancel stops application; rate limits retain existing data","not-assessed","","","FIRECRAWL; COSTX; PROCORE"
"P-11","Procurement, products and pricing research","RFQ preparation and comparisons","Supplier offers compare matched scope and exclusions","not-assessed","","","FIRECRAWL; COSTX; PROCORE"
"P-12","Procurement, products and pricing research","Purchase orders and approvals","Only approved quantities/rates enter issued orders","not-assessed","","","FIRECRAWL; COSTX; PROCORE"
"P-13","Procurement, products and pricing research","Lead times, alternates and substitutions","Approved alternative retains original specification and decision","not-assessed","","","FIRECRAWL; COSTX; PROCORE"
"P-14","Procurement, products and pricing research","Receiving, returns and reconciliation","Ordered, delivered, returned and invoiced quantities reconcile","not-assessed","","","FIRECRAWL; COSTX; PROCORE"
"Q-01","Quality, checking, compliance and proof","Requirement-to-evidence traceability","Each acceptance item points to exact fixture and output","not-assessed","","","IDS; ETABS; BLUEBEAM"
"Q-02","Quality, checking, compliance and proof","Smoke tests per delivered change","Actual screen renders with no uncaught runtime failures","not-assessed","","","IDS; ETABS; BLUEBEAM"
"Q-03","Quality, checking, compliance and proof","Screenshot and code-diff proof","Completed UI row has inspected PNG plus matching source diff","not-assessed","","","IDS; ETABS; BLUEBEAM"
"Q-04","Quality, checking, compliance and proof","Model geometry validation","Invalid solids, overlaps and missing faces are detected and explained","not-assessed","","","IDS; ETABS; BLUEBEAM"
"Q-05","Quality, checking, compliance and proof","Information requirement checking","Missing required properties fail the selected rule set","not-assessed","","","IDS; ETABS; BLUEBEAM"
"Q-06","Quality, checking, compliance and proof","Clash and clearance checking","Known hard and clearance clashes are detected without duplicates","not-assessed","","","IDS; ETABS; BLUEBEAM"
"Q-07","Quality, checking, compliance and proof","Drawing/model/quantity consistency","Edit updates all linked outputs or marks them stale","not-assessed","","","IDS; ETABS; BLUEBEAM"
"Q-08","Quality, checking, compliance and proof","Engineering benchmark validation","Independent known cases verify results and supported range","not-assessed","","","IDS; ETABS; BLUEBEAM"
"Q-09","Quality, checking, compliance and proof","Jurisdiction and edition register","Every compliance claim identifies applicable published criteria","not-assessed","","","IDS; ETABS; BLUEBEAM"
"Q-10","Quality, checking, compliance and proof","Review and professional sign-off","Checker identity and limitations remain attached to issued result","not-assessed","","","IDS; ETABS; BLUEBEAM"
"Q-11","Quality, checking, compliance and proof","Evidence integrity and reproducibility","Hashes bind source, app build, fixture and result","not-assessed","","","IDS; ETABS; BLUEBEAM"
"Q-12","Quality, checking, compliance and proof","Regression and adversarial tests","Malformed files, cancellations and stale edits preserve data","not-assessed","","","IDS; ETABS; BLUEBEAM"
"Q-13","Quality, checking, compliance and proof","Release and installed-app verification","Installed binary and packaged resources match tested build","not-assessed","","","IDS; ETABS; BLUEBEAM"
"Q-14","Quality, checking, compliance and proof","Honest capability states","Planned, partial, failed and verified remain visibly distinct","not-assessed","","","IDS; ETABS; BLUEBEAM"
"R-01","Review, visualization and coordination","Orbit, pan, zoom and fit","Model remains reachable at different scales and aspect ratios","not-assessed","","","ARCHICAD; BCF; BLUEBEAM"
"R-02","Review, visualization and coordination","Walk and fly navigation","Movement direction, collision and floor levels match visible controls","not-assessed","","","ARCHICAD; BCF; BLUEBEAM"
"R-03","Review, visualization and coordination","Section boxes and clipping","Clipped geometry and caps reveal intended interior sections","not-assessed","","","ARCHICAD; BCF; BLUEBEAM"
"R-04","Review, visualization and coordination","Visibility by discipline and phase","Saved views reproduce selected object sets","not-assessed","","","ARCHICAD; BCF; BLUEBEAM"
"R-05","Review, visualization and coordination","Source-linked 3D inspection","Picked object opens matching source evidence and assumptions","not-assessed","","","ARCHICAD; BCF; BLUEBEAM"
"R-06","Review, visualization and coordination","Roof and facade integrity","Gables join roof slopes without floating faces or hidden duplicate surfaces","not-assessed","","","ARCHICAD; BCF; BLUEBEAM"
"R-07","Review, visualization and coordination","Materials, lighting and render views","Export matches saved camera and material settings","not-assessed","","","ARCHICAD; BCF; BLUEBEAM"
"R-08","Review, visualization and coordination","Viewpoint snapshots","Snapshot retains camera, selection, model revision and annotation","not-assessed","","","ARCHICAD; BCF; BLUEBEAM"
"R-09","Review, visualization and coordination","Measurement in 3D","Picked distance reports coordinates and units with known accuracy","not-assessed","","","ARCHICAD; BCF; BLUEBEAM"
"R-10","Review, visualization and coordination","Markups and threaded issues","Issue preserves author, status, due date and model references","not-assessed","","","ARCHICAD; BCF; BLUEBEAM"
"R-11","Review, visualization and coordination","Design options and comparisons","Alternative model changes are inspectable against baseline","not-assessed","","","ARCHICAD; BCF; BLUEBEAM"
"R-12","Review, visualization and coordination","Federated model coordination","Different origins, versions and disciplines align explicitly","not-assessed","","","ARCHICAD; BCF; BLUEBEAM"
"R-13","Review, visualization and coordination","Client presentations and approval","Viewer comments bind to the exact presented revision","not-assessed","","","ARCHICAD; BCF; BLUEBEAM"
"R-14","Review, visualization and coordination","Image/video export and accessibility","Output is legible and controls support keyboard operation","not-assessed","","","ARCHICAD; BCF; BLUEBEAM"
"S-01","Structural and specialist engineering","Analytical model and connectivity","Nodes, releases and offsets reproduce intended load path","not-assessed","","","ETABS; TEDDS; PLAXIS"
"S-02","Structural and specialist engineering","Materials, sections and member libraries","Selected values retain source and design units","not-assessed","","","ETABS; TEDDS; PLAXIS"
"S-03","Structural and specialist engineering","Loads, combinations and mass","Applied load totals and combination factors reconcile","not-assessed","","","ETABS; TEDDS; PLAXIS"
"S-04","Structural and specialist engineering","Linear and second-order analysis","Reference frame forces and displacements match independent results","not-assessed","","","ETABS; TEDDS; PLAXIS"
"S-05","Structural and specialist engineering","Dynamic, seismic and wind studies","Modes, damping and hazard assumptions remain inspectable","not-assessed","","","ETABS; TEDDS; PLAXIS"
"S-06","Structural and specialist engineering","Steel and cold-formed design","Utilization and governing checks match benchmark calculations","not-assessed","","","ETABS; TEDDS; PLAXIS"
"S-07","Structural and specialist engineering","Reinforced and prestressed concrete","Reinforcement, serviceability and detailing remain traceable","not-assessed","","","ETABS; TEDDS; PLAXIS"
"S-08","Structural and specialist engineering","Timber, masonry and composite design","Declared material method and limitations accompany results","not-assessed","","","ETABS; TEDDS; PLAXIS"
"S-09","Structural and specialist engineering","Connections, base plates and anchors","Connection forces link to verified member/load case","not-assessed","","","ETABS; TEDDS; PLAXIS"
"S-10","Structural and specialist engineering","Foundations and soil interaction","Bearing, settlement and pile assumptions match geotechnical inputs","not-assessed","","","ETABS; TEDDS; PLAXIS"
"S-11","Structural and specialist engineering","Retaining structures and excavations","Stages and groundwater conditions bind each result","not-assessed","","","ETABS; TEDDS; PLAXIS"
"S-12","Structural and specialist engineering","Bridges, tanks, towers and specialty assets","Selected solver scope explicitly supports the asset type","not-assessed","","","ETABS; TEDDS; PLAXIS"
"S-13","Structural and specialist engineering","Fabrication detailing and reinforcement schedules","Marks, quantities and geometry reconcile issued drawings","not-assessed","","","ETABS; TEDDS; PLAXIS"
"S-14","Structural and specialist engineering","Calculation reports and check signatures","Inputs, equations, units, solver version and reviewer are retained","not-assessed","","","ETABS; TEDDS; PLAXIS"
"T-01","Takeoff, measurement and quantities","Scale calibration per sheet","Known distance measures correctly after rotation and reload","not-assessed","","","COSTX; BLUEBEAM; TRIMBLE"
"T-02","Takeoff, measurement and quantities","Separate axes and distorted scans","Calibration records anisotropy or blocks unsupported measurement","not-assessed","","","COSTX; BLUEBEAM; TRIMBLE"
"T-03","Takeoff, measurement and quantities","Lengths, perimeters and counts","Totals match independently measured fixture values","not-assessed","","","COSTX; BLUEBEAM; TRIMBLE"
"T-04","Takeoff, measurement and quantities","Areas, holes and net deductions","Openings subtract once and self-intersections are rejected","not-assessed","","","COSTX; BLUEBEAM; TRIMBLE"
"T-05","Takeoff, measurement and quantities","Volumes, slopes and elevations","3D quantity basis distinguishes projected from actual surface","not-assessed","","","COSTX; BLUEBEAM; TRIMBLE"
"T-06","Takeoff, measurement and quantities","Trade and work-package classification","Reclassification updates totals without duplicate measurements","not-assessed","","","COSTX; BLUEBEAM; TRIMBLE"
"T-07","Takeoff, measurement and quantities","Assembly breakdowns","Element quantity decomposes into explicit materials and assumptions","not-assessed","","","COSTX; BLUEBEAM; TRIMBLE"
"T-08","Takeoff, measurement and quantities","Duplicate detection and exclusions","Overlapping takeoffs are reviewable before totaling","not-assessed","","","COSTX; BLUEBEAM; TRIMBLE"
"T-09","Takeoff, measurement and quantities","Revision quantity comparison","Additions, removals and changed quantities reconcile prior issue","not-assessed","","","COSTX; BLUEBEAM; TRIMBLE"
"T-10","Takeoff, measurement and quantities","Measurement source links","Each quantity opens exact page, region and source revision","not-assessed","","","COSTX; BLUEBEAM; TRIMBLE"
"T-11","Takeoff, measurement and quantities","Stock lengths, packs and wastage","Purchased quantities remain distinct from net measured demand","not-assessed","","","COSTX; BLUEBEAM; TRIMBLE"
"T-12","Takeoff, measurement and quantities","Manual, model and AI quantity provenance","User can distinguish and review each quantity origin","not-assessed","","","COSTX; BLUEBEAM; TRIMBLE"
"T-13","Takeoff, measurement and quantities","Reconciliation and audit exports","Summary totals reproduce detailed rows with units and rounding","not-assessed","","","COSTX; BLUEBEAM; TRIMBLE"
"T-14","Takeoff, measurement and quantities","Bulk edit, undo and recovery","Batch operation restores all affected quantities and associations","not-assessed","","","COSTX; BLUEBEAM; TRIMBLE"
"U-01","Usability, performance and everyday flexibility","Role-specific workspace presets","Architect and estimator get useful tools without separate data copies","not-assessed","","","BLUEBEAM; ACAD"
"U-02","Usability, performance and everyday flexibility","Search, command palette and shortcuts","Common commands work from keyboard and show discoverable labels","not-assessed","","","BLUEBEAM; ACAD"
"U-03","Usability, performance and everyday flexibility","Resizable panels and saved layouts","Layout restores on the user's monitor without hiding actions","not-assessed","","","BLUEBEAM; ACAD"
"U-04","Usability, performance and everyday flexibility","Large plan/model navigation","Representative heavy fixture meets recorded load and interaction budget","not-assessed","","","BLUEBEAM; ACAD"
"U-05","Usability, performance and everyday flexibility","Accessible focus, contrast and labels","Core workflow is usable without pointer or color alone","not-assessed","","","BLUEBEAM; ACAD"
"U-06","Usability, performance and everyday flexibility","Touch and small-screen field use","Critical actions remain reachable without horizontal clipping","not-assessed","","","BLUEBEAM; ACAD"
"U-07","Usability, performance and everyday flexibility","Multi-monitor and high-DPI desktop","Dialogs and text remain visible at tested scaling levels","not-assessed","","","BLUEBEAM; ACAD"
"U-08","Usability, performance and everyday flexibility","Progress, cancellation and background jobs","Long operation shows honest status and can be stopped","not-assessed","","","BLUEBEAM; ACAD"
"U-09","Usability, performance and everyday flexibility","Useful validation and empty states","User can recover from invalid input without losing edits","not-assessed","","","BLUEBEAM; ACAD"
"U-10","Usability, performance and everyday flexibility","Bulk operations and multi-selection","Preview clearly reports affected items before applying changes","not-assessed","","","BLUEBEAM; ACAD"
"U-11","Usability, performance and everyday flexibility","Per-user preferences and units","Preference changes do not reinterpret existing geometry","not-assessed","","","BLUEBEAM; ACAD"
"U-12","Usability, performance and everyday flexibility","Localization and terminology","Industry-specific terms do not change underlying data meaning","not-assessed","","","BLUEBEAM; ACAD"
"U-13","Usability, performance and everyday flexibility","Onboarding and sample isolation","Sample work cannot be mistaken for the user's source project","not-assessed","","","BLUEBEAM; ACAD"
"U-14","Usability, performance and everyday flexibility","Support diagnostics and recovery guidance","Export omits secrets and includes reproducible failure context","not-assessed","","","BLUEBEAM; ACAD"
"V-01","Versioning, collaboration and staff handoff","Named project versions","Saved milestone reopens exact drawing, sources and commercial state","not-assessed","","","BIMCLOUD; BCF; ACONEX; FORMA"
"V-02","Versioning, collaboration and staff handoff","Change comparisons","Reviewer can inspect changed objects, quantities, documents and rates","not-assessed","","","BIMCLOUD; BCF; ACONEX; FORMA"
"V-03","Versioning, collaboration and staff handoff","Staff handoff package","Fresh recipient profile restores complete reviewed project context","not-assessed","","","BIMCLOUD; BCF; ACONEX; FORMA"
"V-04","Versioning, collaboration and staff handoff","Selective package content","Private rates and unrelated documents are excluded by review","not-assessed","","","BIMCLOUD; BCF; ACONEX; FORMA"
"V-05","Versioning, collaboration and staff handoff","Recipient and distribution list","Intended staff and access level are visible before sending","not-assessed","","","BIMCLOUD; BCF; ACONEX; FORMA"
"V-06","Versioning, collaboration and staff handoff","Transmittals and receipts","Sent status requires durable receipt rather than button click","not-assessed","","","BIMCLOUD; BCF; ACONEX; FORMA"
"V-07","Versioning, collaboration and staff handoff","Download links and expiry","Revoked or expired link cannot fetch protected documents","not-assessed","","","BIMCLOUD; BCF; ACONEX; FORMA"
"V-08","Versioning, collaboration and staff handoff","Assignments and notifications","Task owner receives only relevant authorized information","not-assessed","","","BIMCLOUD; BCF; ACONEX; FORMA"
"V-09","Versioning, collaboration and staff handoff","Comments and review decisions","Replies retain authorship and referenced revision","not-assessed","","","BIMCLOUD; BCF; ACONEX; FORMA"
"V-10","Versioning, collaboration and staff handoff","Checkout/reservation and live collaboration","Concurrent edits resolve without silent last-writer loss","not-assessed","","","BIMCLOUD; BCF; ACONEX; FORMA"
"V-11","Versioning, collaboration and staff handoff","Merge and conflict review","Both versions remain recoverable until explicit resolution","not-assessed","","","BIMCLOUD; BCF; ACONEX; FORMA"
"V-12","Versioning, collaboration and staff handoff","Approval stages and issued status","Work-in-progress cannot appear as approved construction issue","not-assessed","","","BIMCLOUD; BCF; ACONEX; FORMA"
"V-13","Versioning, collaboration and staff handoff","External consultant exchanges","Returned package reconciles identity and reported differences","not-assessed","","","BIMCLOUD; BCF; ACONEX; FORMA"
"V-14","Versioning, collaboration and staff handoff","Organization boundaries and activity logs","Cross-company sharing exposes only authorized content","not-assessed","","","BIMCLOUD; BCF; ACONEX; FORMA"
"W-01","Whole-life performance, sustainability and risk","Energy modeling exchange","Geometry, zones and envelope properties reconcile source model","not-assessed","","","IES; LCA; LCC"
"W-02","Whole-life performance, sustainability and risk","Thermal and operational simulation","Weather, occupancy and plant assumptions reproduce benchmark","not-assessed","","","IES; LCA; LCC"
"W-03","Whole-life performance, sustainability and risk","Daylight, glare and solar studies","Location, time and optical assumptions are recorded","not-assessed","","","IES; LCA; LCC"
"W-04","Whole-life performance, sustainability and risk","Natural ventilation and airflow","Openings and boundary conditions match checked scenario","not-assessed","","","IES; LCA; LCC"
"W-05","Whole-life performance, sustainability and risk","Acoustic and vibration assessments","Declared model and frequency range accompany predictions","not-assessed","","","IES; LCA; LCC"
"W-06","Whole-life performance, sustainability and risk","Embodied carbon and EPD mapping","Material quantities map to sourced factors and declared life stages","not-assessed","","","IES; LCA; LCC"
"W-07","Whole-life performance, sustainability and risk","Lifecycle cost comparison","Discount, replacement and maintenance assumptions remain explicit","not-assessed","","","IES; LCA; LCC"
"W-08","Whole-life performance, sustainability and risk","Circularity and material reuse","Reuse options retain recoverability and quality assumptions","not-assessed","","","IES; LCA; LCC"
"W-09","Whole-life performance, sustainability and risk","Water consumption and reuse","Demand, supply and treatment assumptions balance","not-assessed","","","IES; LCA; LCC"
"W-10","Whole-life performance, sustainability and risk","Climate and resilience scenarios","Scenario source and time horizon bind results","not-assessed","","","IES; LCA; LCC"
"W-11","Whole-life performance, sustainability and risk","Design risk register","Risk links to owner, mitigation and unresolved assumptions","not-assessed","","","IES; LCA; LCC"
"W-12","Whole-life performance, sustainability and risk","Hazard and emergency planning","Evacuation/access proposals remain linked to professional review","not-assessed","","","IES; LCA; LCC"
"W-13","Whole-life performance, sustainability and risk","Performance targets and dashboards","Targets compare with attributable measured/calculated results","not-assessed","","","IES; LCA; LCC"
"W-14","Whole-life performance, sustainability and risk","As-designed versus in-use review","Operational evidence compares against matching model revision","not-assessed","","","IES; LCA; LCC"
"X-01","Extensibility, automation and AI assistance","Plugin and adapter boundaries","Extension failure cannot corrupt the project store","not-assessed","","","FIRECRAWL; IDS; AVEVA"
"X-02","Extensibility, automation and AI assistance","Versioned data schema","Unsupported schema is rejected with original bytes preserved","not-assessed","","","FIRECRAWL; IDS; AVEVA"
"X-03","Extensibility, automation and AI assistance","Custom workflows and forms","Organization can add fields and stages without source-code edits","not-assessed","","","FIRECRAWL; IDS; AVEVA"
"X-04","Extensibility, automation and AI assistance","Rules and calculation extensions","Execution is bounded and results identify rule version","not-assessed","","","FIRECRAWL; IDS; AVEVA"
"X-05","Extensibility, automation and AI assistance","Batch processing queue","Jobs are resumable, cancellable and individually diagnosed","not-assessed","","","FIRECRAWL; IDS; AVEVA"
"X-06","Extensibility, automation and AI assistance","AI extraction from source plans","Suggested object retains exact source region and uncertainty","not-assessed","","","FIRECRAWL; IDS; AVEVA"
"X-07","Extensibility, automation and AI assistance","AI layout/design proposals","Proposal is separately reviewable before modifying authored design","not-assessed","","","FIRECRAWL; IDS; AVEVA"
"X-08","Extensibility, automation and AI assistance","Voice and natural-language actions","Intended edit is understandable and reversible","not-assessed","","","FIRECRAWL; IDS; AVEVA"
"X-09","Extensibility, automation and AI assistance","AI pricing research assistant","Source evidence accompanies suggested supplier match and rate","not-assessed","","","FIRECRAWL; IDS; AVEVA"
"X-10","Extensibility, automation and AI assistance","Tool permission and secret boundaries","AI cannot reveal keys or issue unapproved external mutations","not-assessed","","","FIRECRAWL; IDS; AVEVA"
"X-11","Extensibility, automation and AI assistance","Usage limits and cost reporting","Provider usage is capped and reported per operation","not-assessed","","","FIRECRAWL; IDS; AVEVA"
"X-12","Extensibility, automation and AI assistance","Human review and rejection","Rejected proposal leaves authoritative design unchanged","not-assessed","","","FIRECRAWL; IDS; AVEVA"
"X-13","Extensibility, automation and AI assistance","Automation provenance","Prompt/input version, tool and accepted changes are traceable","not-assessed","","","FIRECRAWL; IDS; AVEVA"
"X-14","Extensibility, automation and AI assistance","Integration health and retries","Unavailable service is visible and retry does not duplicate work","not-assessed","","","FIRECRAWL; IDS; AVEVA"
"Y-01","Yards, infrastructure, industrial and specialist assets","Road alignments and corridors","Stationing, profiles and sections reconcile corridor geometry","not-assessed","","","CIVIL; AVEVA; TRIMBLE"
"Y-02","Yards, infrastructure, industrial and specialist assets","Intersections and swept paths","Design vehicle envelope follows the selected path and assumptions","not-assessed","","","CIVIL; AVEVA; TRIMBLE"
"Y-03","Yards, infrastructure, industrial and specialist assets","Rail and transit infrastructure","Chainage, cant and clearance data remain version-bound","not-assessed","","","CIVIL; AVEVA; TRIMBLE"
"Y-04","Yards, infrastructure, industrial and specialist assets","Airports, ports and marine works","Asset-specific geometry and design criteria are explicit","not-assessed","","","CIVIL; AVEVA; TRIMBLE"
"Y-05","Yards, infrastructure, industrial and specialist assets","Water, sewer and utility networks","Connectivity, levels and asset IDs reconcile GIS and design","not-assessed","","","CIVIL; AVEVA; TRIMBLE"
"Y-06","Yards, infrastructure, industrial and specialist assets","Plant P&IDs and isometrics","Tags and line lists remain consistent across representations","not-assessed","","","CIVIL; AVEVA; TRIMBLE"
"Y-07","Yards, infrastructure, industrial and specialist assets","Piping stress and support design","Load cases and boundary conditions match checked solver inputs","not-assessed","","","CIVIL; AVEVA; TRIMBLE"
"Y-08","Yards, infrastructure, industrial and specialist assets","Mining, quarries and bulk materials","Survey surfaces and stockpile volumes retain survey dates","not-assessed","","","CIVIL; AVEVA; TRIMBLE"
"Y-09","Yards, infrastructure, industrial and specialist assets","Power generation and transmission","Equipment, routes and reviewed clearances remain traceable","not-assessed","","","CIVIL; AVEVA; TRIMBLE"
"Y-10","Yards, infrastructure, industrial and specialist assets","Telecom and linear utility corridors","Route changes update crossings, lengths and access constraints","not-assessed","","","CIVIL; AVEVA; TRIMBLE"
"Y-11","Yards, infrastructure, industrial and specialist assets","Warehouses and logistics yards","Vehicle movements, storage and pedestrian zones are inspectable","not-assessed","","","CIVIL; AVEVA; TRIMBLE"
"Y-12","Yards, infrastructure, industrial and specialist assets","Agricultural and rural infrastructure","Fencing, sheds, irrigation and access reconcile site records","not-assessed","","","CIVIL; AVEVA; TRIMBLE"
"Y-13","Yards, infrastructure, industrial and specialist assets","Temporary events and modular facilities","Reusable configuration retains load and installation reviews","not-assessed","","","CIVIL; AVEVA; TRIMBLE"
"Y-14","Yards, infrastructure, industrial and specialist assets","Brownfield retrofit and decommissioning","Existing/removed/new assets stay distinct with source evidence","not-assessed","","","CIVIL; AVEVA; TRIMBLE"
"Z-01","Zero-loss delivery, release and business continuity","Reproducible build identity","Proof records commit, dirty diff and artifact hashes","not-assessed","","","FORMA; MAXIMO"
"Z-02","Zero-loss delivery, release and business continuity","Desktop install and upgrade","Upgrade retains real user profile and compatible project data","not-assessed","","","FORMA; MAXIMO"
"Z-03","Zero-loss delivery, release and business continuity","Offline cold start","Installed app opens source and design without development services","not-assessed","","","FORMA; MAXIMO"
"Z-04","Zero-loss delivery, release and business continuity","Web production parity","Built site completes the same declared workflows as development","not-assessed","","","FORMA; MAXIMO"
"Z-05","Zero-loss delivery, release and business continuity","Dependency and license inventory","Bundled components carry required notices and versions","not-assessed","","","FORMA; MAXIMO"
"Z-06","Zero-loss delivery, release and business continuity","Security and tenant isolation","Adversarial access tests cannot cross project permissions","not-assessed","","","FORMA; MAXIMO"
"Z-07","Zero-loss delivery, release and business continuity","Backup/restore disaster drill","Clean machine restoration proves complete recoverability","not-assessed","","","FORMA; MAXIMO"
"Z-08","Zero-loss delivery, release and business continuity","Observability without secrets","Error reports omit keys, private prompts and unauthorized documents","not-assessed","","","FORMA; MAXIMO"
"Z-09","Zero-loss delivery, release and business continuity","Performance and resource limits","Oversized files fail safely without freezing or partial writes","not-assessed","","","FORMA; MAXIMO"
"Z-10","Zero-loss delivery, release and business continuity","Rollback and forward compatibility","Failed upgrade can recover last confirmed data revision","not-assessed","","","FORMA; MAXIMO"
"Z-11","Zero-loss delivery, release and business continuity","Support and incident handling","Reproducible ticket links diagnostics, affected build and recovery","not-assessed","","","FORMA; MAXIMO"
"Z-12","Zero-loss delivery, release and business continuity","Proof expiry after changes","Dependency changes reopen affected completed acceptance rows","not-assessed","","","FORMA; MAXIMO"
"Z-13","Zero-loss delivery, release and business continuity","Release notes and capability contract","Users see delivered limits and verified platform support","not-assessed","","","FORMA; MAXIMO"
"Z-14","Zero-loss delivery, release and business continuity","Full working-day acceptance","Named industry scenario completes create-to-handover-to-reopen with proof","not-assessed","","","FORMA; MAXIMO"
